-1.5456,-1.1539,-0.91433,0,-0.86843,-0.93149,-0.99731,0,0.48782,0.99731,0.99731,-0.48214,-0.72899,-0.24625,-0.12202,0.5356,0.083095,0.10148,-1.588,-0.36922,0.1611,0.36441,-0.36063,-1.0384,0.61035,0.50734,-0.9641,-1.49,-0.54454,0,-0.9568,-0.078521,-0.011445,0.42199,-1.1345,0.46451,0,0,-1.0732,0,-0.38884,0,-0.021728,1.1739,0.0079045,-0.16755,1.2739,0.1728,-0.00025918,0.089989,0,-1.828,0,0,0,-1.4284,0,-0.52958,0,1.5307,0,0,0,0.1873,0,-0.46892,-0.46892,0.24021,0.9693
-1.4661,-0.55453,0.17195,0,-0.84332,-0.37939,-0.99731,0,0.2669,0.99731,0.99731,-0.29099,-1.4403,-0.58349,0.074733,0.51587,0.43392,0.046849,-1.325,-0.49185,1.0575,0.068956,0.62002,0.47755,0.96665,1.5093,0.17267,0.02573,0.20899,0,-0.095639,-0.12124,-0.016607,2.4424,-0.87029,0.66665,0,0,-0.70213,0,-0.38759,0,0.37478,1.0249,-0.14845,-0.43003,0.54943,0.31564,-0.20502,0.58777,0,-1.0326,0,0,0,-1.249,0,-0.85342,0,1.1388,0,0,0,0.18955,0,-0.45065,-0.45065,0.44237,0.96053
-0.617,-0.7632,0.17992,0,-0.87471,-1.2283,-0.99731,0,0.5553,0.99731,0.99731,-0.16563,-0.89692,-0.19053,0.19261,0.32714,-0.25154,0.35362,-0.20044,-0.75901,0.66383,-0.18338,1.3249,0.30895,0.30947,1.8721,0.10186,0.16864,0.052355,0,-0.1309,-0.15539,-0.004284,2.3344,-0.41858,0.35414,0,0,-0.58789,0,-0.3882,0,0.16736,0.59486,0.02725,-0.59784,0.38504,0.27923,-0.17339,0.53996,0,0.027794,0,0,0,-0.62124,0,-0.097791,0,1.2788,0,0,0,0.083826,0,-0.51349,-0.51349,0.44237,0.92763
-1.3932,-1.1918,-0.45629,0,-0.93835,-0.93682,-0.99731,0,0.079105,0.99731,0.99731,-0.68436,-1.595,-0.67941,0.12912,0.10901,-0.14424,0.58685,-0.32548,-0.61512,1.1552,0.88476,-0.39007,-0.13543,1.4102,-0.40854,-0.3677,-0.27835,-0.34171,0,-0.5387,-0.053465,-0.016912,1.406,-1.1097,0.61888,0,0,-0.58142,0,-0.38884,0,0.39401,0.88739,-1.0288,-0.62149,0.37624,0.17877,0.47266,0.64182,0,-1.0326,0,0,0,-0.53157,0,-0.36766,0,0.48099,0,0,0,-0.048604,0,-0.5947,-0.5947,0.44237,0.94956
-0.69681,-1.4999,-0.49874,0,-1.6677,-0.87016,-0.99731,0,-1.4818,0.99731,0.99731,-1.8683,-0.6187,-0.6981,2.4392,1.6948,-0.58578,1.4903,2.3742,-1.2785,-0.8293,0.66945,-0.6619,-1.3525,-0.65309,-1.0014,0.97522,1.3623,0.61782,0,0.50187,-0.26324,-0.51688,0.51678,-0.22425,0.70017,0,0,3.902,0,0.24366,0,1.318,-0.43102,-0.12816,-0.21396,-2.302,-1.1413,-0.97983,-1.2642,0,0.16035,0,0,0,0.27555,0,1.9262,0,-0.89065,0,0,0,-0.5445,0,0.32484,0.32484,0.64454,0.94956
-0.64835,-1.6453,-2.0494,0,-1.7171,-1.3718,-0.99731,0,-3.1316,0.99731,0.99731,-0.84027,-0.79337,-0.95289,0.29041,1.0103,-0.90278,-0.28539,0.07214,0.36237,0.45851,1.3665,0.76606,1.1088,-0.80635,-0.96155,1.0144,1.6901,0.51635,0,1.5384,-0.42728,-0.66316,-0.77568,0.58455,0.91205,0,0,0.95966,0,0.17651,0,1.0695,0.49071,0.08637,-0.072278,-0.98116,-0.58697,-0.95267,0.48608,0,0.95568,0,0,0,1.0827,0,0.81976,0,-1.1006,0,0,0,0.81616,0,-0.32062,-0.32062,1.0489,0.97149
-0.013905,-0.63463,0.04812,0,-1.6433,-0.62822,-0.99731,0,-2.1221,0.99731,0.99731,-1.1033,-0.56097,-0.21185,1.0646,0.93836,-0.8491,1.6894,0.12178,-0.36236,0.2196,-0.56532,1.5158,-0.20355,0.057504,0.23307,-0.12175,0.66102,-0.4613,0,-0.56696,-0.42086,-0.60006,0.72051,-0.34648,0.23705,0,0,1.6133,0,0.18321,0,0.61696,-0.43166,0.5452,-0.91927,-1.3517,-1.2721,-0.95549,-0.22153,0,1.4859,0,0,0,2.3382,0,3.7883,0,-1.0866,0,0,0,0.22794,0,0.52762,0.52762,0.84671,0.96272
-0.2353,-0.9849,-1.4989,0,-1.6821,-0.93109,-0.99731,0,-2.8532,0.99731,0.99731,-1.2975,-1.3495,-0.99433,1.7313,2.2835,-1.0225,0.39052,0.94682,-1.0407,-0.29164,0.36493,2.4715,1.614,-2.2708,-0.82543,-0.2455,0.097215,-0.35899,0,0.47196,-0.45855,-0.5739,0.60139,-0.58083,-1.4672,0,0,-0.42846,0,-0.38884,0,-1.2766,-1.5088,-0.49628,2.2063,0.18167,0.62614,1.4921,1.0688,0,2.8114,0,0,0,2.9659,0,2.5469,0,0.03311,0,0,0,0.52536,0,1.1344,1.1344,-0.16412,0.97149
0.53222,-0.6114,-0.79376,0,-0.81627,-1.0185,-0.99731,0,0.43431,0.99731,0.99731,-1.1176,-0.92721,-0.81004,0.66397,2.2213,-0.66011,-0.50986,-1.2774,-0.65086,-0.21673,-1.0439,1.061,-0.33984,-0.08873,0.89945,-0.82631,-0.081999,-1.0191,0,-1.2713,-0.1274,-0.53526,0.79385,1.2999,-0.46861,0,0,-0.62719,0,-0.38884,0,-0.52628,-0.27781,-1.0281,0.16451,0.43958,0.62814,1.2535,1.216,0,-0.90009,0,0,0,0.096188,0,-0.2867,0,0.42501,0,0,0,-0.1214,0,0.34936,0.34936,0.44237,0.95833
0.28682,0.13691,-0.15072,0,-0.957,-0.66366,-0.99731,0,0.32574,0.99731,0.99731,-1.2219,-0.97028,-0.26484,1.4433,1.712,-0.56399,0.69098,0.46685,-1.2218,1.2488,-0.48479,1.1318,0.77303,1.2175,0.43813,0.40815,1.0597,0.032291,0,-0.033697,-0.25544,-0.53951,1.2816,0.47594,-0.4132,0,0,-0.52518,0,-0.38884,0,-0.4404,-0.2892,-0.44996,0.20453,0.30184,0.63956,0.72051,1.1664,0,0.027794,0,0,0,0.27555,0,-0.44862,0,-0.28881,0,0,0,0.43185,0,0.35097,0.35097,0.44237,0.96053
0.036027,1.3595,1.8106,0,-1.2159,-0.79671,-0.99731,0,0.99067,0.99731,0.99731,-1.1676,-1.0713,-0.66522,1.5047,1.4791,-0.028619,1.1752,-0.059211,-0.62923,0.32459,-0.3095,0.18444,0.48455,0.36543,-0.92179,0.25805,0.83826,-0.057389,0,-0.33849,-0.013337,-0.0075944,-1.7946,0.048328,-0.56904,0,0,0.38189,0,-0.38884,0,-0.29708,-0.90541,-0.40511,0.24735,-0.58349,0.31613,0.56204,0.39445,0,-0.36987,0,0,0,0.49974,0,0.1181,0,-0.23282,0,0,0,-0.47221,0,0.36067,0.36067,0.038042,0.96711
-1.1441,-0.50804,-0.090846,0,-0.70509,-0.47121,-0.99731,0,0.69995,0.99731,0.99731,-0.97985,-1.0023,-0.82092,0.24687,0.51956,-1.1318,0.23952,0.55204,1.1946,1.6347,0.33055,1.2076,0.44249,1.4507,0.49971,-1.2522,0.13202,-1.6629,0,-1.2312,-0.087065,-0.050212,0.83323,0.35904,-0.72558,0,0,-0.76412,0,-0.38884,0,-0.80236,-0.45854,-0.94821,-0.53961,0.64694,0.5374,1.4316,0.94567,0,0.16035,0,0,0,-0.21769,0,0.71181,0,1.0548,0,0,0,1.0068,0,-2.4838,-2.4838,0.44237,0.94737
-0.52856,0.1243,0.62453,0,-1.0651,-1.0003,-0.99731,0,0.61332,0.99731,0.99731,-0.53677,-0.011232,-0.14862,-0.21806,-0.18149,-1.3748,0.66668,0.47135,1.0307,1.4153,1.1625,-0.82143,-0.23823,1.8248,0.74181,0.9002,0.45953,0.93914,0,1.2963,0.00052968,-0.056346,-1.4438,-0.51462,-0.45177,0,0,-0.26973,0,-0.38884,0,-0.38336,-0.48693,0.36937,0.20266,0.0021436,0.75124,0.014533,1.6114,0,-0.63498,0,0,0,0.096188,0,0.49592,0,-1.8004,0,0,0,-0.12206,0,-2.0429,-2.0429,0.44237,0.9364
1.7266,1.5468,0.22439,0,1.9489,1.9108,-0.99731,0,2.1434,0.99731,0.99731,1.7837,1.9457,-0.062219,-2.0335,-1.7831,-0.097482,-1.9755,0.18237,1.7444,0.20743,-0.95242,-0.79613,1.1512,0.62156,0.26185,-0.20156,-0.14662,-0.19007,0,0.00196,1.8105,1.8055,-1.2689,-0.51855,-0.47368,0,0,-1.2227,0,-0.38884,0,-0.9316,0.37004,-0.98136,-1.3485,1.7477,-1.0821,1.5721,0.38201,0,1.2208,0,0,0,-0.21769,0,-0.39465,0,1.4187,0,0,0,-2.074,0,-2.0473,-2.0473,-1.175,0.98026
-0.74622,-1.2322,-1.4278,0,0.80261,1.239,-0.99731,0,0.60428,0.99731,0.99731,1.1031,0.31849,-0.43771,-1.814,-1.6988,0.23954,-1.6284,0.013625,-1.0818,1.7435,0.74737,1.1959,2.0929,0.73279,-0.56401,0.66158,0.54182,0.59585,0,0.72768,-0.47834,-0.42014,-1.4025,-1.0677,-0.63957,0,0,-0.46978,0,-0.38884,0,-0.61067,-0.57899,0.55851,1.0442,0.23189,0.55186,0.055471,1.0391,0,0.027794,0,0,0,0.36523,0,-0.17875,0,-1.6744,0,0,0,-1.1539,0,0.99947,0.99947,-0.16412,0.98465
0.038467,0.13763,-0.057882,0,0.74798,0.06805,-0.99731,0,-0.48456,0.99731,0.99731,0.73987,0.48815,0.098093,-0.90304,-1.0233,-0.090752,-1.1938,0.90997,1.4714,-0.08772,2.7428,-1.2778,0.25309,-1.1095,-0.21654,-0.35205,0.20332,-0.54434,0,-0.50948,-1.1487,-0.65074,0.081581,-0.95985,0.24584,0,0,0.86268,0,-0.29193,0,0.48867,-0.19721,0.24624,-0.071867,-0.91988,0.43328,-0.61241,-0.47847,0,-1.2978,0,0,0,-0.93512,0,-1.1233,0,-0.79268,0,0,0,0.13105,0,-0.59188,-0.59188,0.44237,0.9693
0.26762,0.18081,-0.077719,0,1.3176,1.2356,-0.99731,0,-1.3742,0.99731,0.99731,1.3019,1.0711,0.83001,-0.10442,-0.64854,1.622,-0.79952,0.1167,0.04229,-0.33658,1.1706,-1.2705,0.5768,-0.77211,-0.95262,0.82807,-0.47209,1.2775,0,1.6288,-0.34015,-0.0082087,-1.8584,-0.55775,0.10155,0,0,0.15777,0,1.9467,0,0.19943,-0.094444,1.4627,2.7585,-0.4032,1.3428,-1.3589,0.71663,0,-0.50243,0,0,0,-1.5629,0,-1.5821,0,-0.3028,0,0,0,0.32253,0,0.35861,0.35861,0.24021,0.97807
-1.172,-0.26129,-0.17422,0,1.3626,1.5274,-0.99731,0,1.0197,0.99731,0.99731,1.4014,0.99396,-0.48833,-1.9517,-1.9985,0.26697,-0.9651,-0.67219,1.4232,-0.79085,1.2525,-0.36269,0.15239,-1.6929,0.49265,-0.0075379,-0.2175,0.090899,0,-0.46833,-0.23382,-0.05727,0.84794,-0.55299,0.82858,0,0,1.0898,0,-0.29941,0,1.0266,0.36119,-0.31732,0.45793,-1.0605,-0.02093,-0.6002,-0.19869,0,-1.0326,0,0,0,-1.1145,0,-0.44862,0,-0.83466,0,0,0,1.337,0,-1.6322,-1.6322,0.64454,0.92105
-0.59691,1.3273,0.4297,0,1.1868,0.56077,-0.99731,0,0.73329,0.99731,0.99731,1.0403,-0.011047,0.95769,-1.1341,-0.73761,0.53741,-1.5862,-0.42269,-0.81576,1.1928,0.4357,0.10134,0.78284,1.0561,1.472,2.3202,0.042115,2.9486,0,3.5823,-0.71299,-0.049684,-1.46,1.1793,0.66044,0,0,3.24,0,4.289,0,1.2036,-0.35331,0.78894,1.3818,-2.0653,-0.47387,-1.6169,-0.41471,0,1.0882,0,0,0,0.54458,0,-0.61054,0,-1.2266,0,0,0,0.70501,0,-0.59165,-0.59165,0.038042,0.95833
0.36855,-0.029018,-0.91753,0,-0.18003,0.30412,-0.99731,0,-0.022388,0.99731,0.99731,0.11928,-0.27128,0.063411,-1.3843,-0.1846,-0.78626,-0.98073,-1.438,-0.79248,-0.34218,0.117,-0.64249,-0.39629,-0.11055,-0.15441,-2.0351,-1.8585,-1.7442,0,-2.001,3.0913,2.1808,0.60221,-0.19386,-1.4105,0,0,-1.4224,0,-0.38884,0,-2.2916,0.28748,-0.68485,-0.37908,3.7703,-1.0929,2.581,0.3835,0,-0.23732,0,0,0,0.6791,0,1.7643,0,2.2305,0,0,0,-2.7388,0,-0.6177,-0.6177,-1.7815,0.97368
-1.1378,-2.0191,-1.793,0,-0.88284,-1.6693,-0.99731,0,0.65613,0.99731,0.99731,-0.70968,-0.89209,-0.9467,1.0076,0.90152,-0.29184,2.2872,-1.2128,-0.85592,-2.3847,-1.5489,-1.9168,-1.1468,-1.3028,-0.39773,2.587,1.2224,2.7443,0,3.1258,2.4777,2.9802,-0.26385,-1.4153,0.36183,0,0,3.3996,0,0.89676,0,0.96959,-0.69969,0.46047,-2.4092,-2.1246,-2.3152,-1.1702,-0.92935,0,0.69057,0,0,0,0.76878,0,1.3055,0,-0.98862,0,0,0,-1.7977,0,-2.0876,-2.0876,-1.9836,0.97588
-1.4977,-0.82974,-1.2755,0,-0.67373,-0.94879,-0.99731,0,-0.39312,0.99731,0.99731,-0.32133,-0.63901,-0.21055,0.99766,0.69182,0.82671,0.51027,-0.067663,-0.84423,0.20407,-0.68895,0.32049,0.01665,0.47798,0.97666,1.3007,0.82049,1.2846,0,1.2936,3.8245,3.723,0.54704,-0.59458,0.22976,0,0,-0.88832,0,1.7607,0,-0.093462,0.69414,1.7216,-0.87977,0.86506,-2.6328,-1.3309,-1.9808,0,-1.5629,0,0,0,-0.44189,0,0.81976,0,-0.34479,0,0,0,-2.0096,0,0.35857,0.35857,-2.9945,0.97368
-0.84345,-1.5788,-1.1967,0,0.19574,-0.011048,-0.99731,0,-1.1071,0.99731,0.99731,-0.29887,-1.5069,-0.93656,0.62757,0.60785,-0.25879,0.27542,0.53748,-0.88981,0.92695,1.152,-1.5874,1.1549,0.85414,1.3034,-0.020251,-0.60278,0.25273,0,-0.40971,0.0029893,-0.0090546,-0.40577,-0.06039,-0.23305,0,0,0.56655,0,2.0182,0,0.017767,-0.62085,1.6567,-0.021238,-0.71982,0.39052,-1.3692,0.61881,0,-1.4303,0,0,0,-1.3387,0,-0.74548,0,-0.27481,0,0,0,-0.11181,0,-0.99333,-0.99333,0.038042,0.97807
0.11228,-0.73841,-1.0674,0,0.40669,0.28161,-0.99731,0,-0.68291,0.99731,0.99731,0.18426,-0.51406,-0.7926,-0.35613,-0.3466,-0.29497,-0.25402,0.38782,-1.2691,-0.18178,0.5699,-0.30215,-1.7055,0.30429,-0.58881,1.4345,1.8153,0.99599,0,1.5751,-0.29095,-0.011327,-1.4454,-0.69258,0.37105,0,0,-0.54794,0,-0.16312,0,0.19533,0.58201,0.72565,0.67186,0.33152,-0.012131,-0.75694,-0.35481,0,-2.2256,0,0,0,-1.4732,0,-0.98836,0,-0.79268,0,0,0,-0.098411,0,-0.065645,-0.065645,0.038042,0.9693
1.7525,1.198,0.74353,0,0.9095,0.99915,-0.99731,0,-0.79848,0.99731,0.99731,1.6847,1.6394,2.2543,-2.2521,-0.8279,-0.0055595,-2.051,-2.216,-0.55074,-1.7593,0.88947,-0.27795,0.22759,-2.8935,-1.3793,-0.97566,0.11184,-1.2998,0,-0.85624,0.21146,-0.42235,0.053281,-0.81432,-1.7741,0,0,-0.24969,0,-0.38884,0,-1.4713,-1.9441,-0.45422,2.0025,-0.019186,1.4223,1.6339,-0.0385,0,2.1487,0,0,0,2.5175,0,3.0867,0,0.18707,0,0,0,0.39267,0,0.0046367,0.0046367,-1.3771,0.9364
-1.3513,-0.42879,-0.64057,0,0.29955,0.29517,-0.99731,0,-1.4696,0.99731,0.99731,-0.078261,-0.52128,0.15911,0.074756,0.28795,0.1818,-0.2466,-0.32375,0.56458,-1.4836,-1.5074,-0.33192,-1.0588,-0.75307,0.22441,1.1085,1.1922,0.86697,0,0.58887,-0.25098,-0.011711,0.38011,-0.066623,-0.55608,0,0,-0.36417,0,-0.38884,0,-0.49994,-0.54599,-0.15763,1.2491,0.10654,1.3324,0.53809,0.82288,0,-1.1652,0,0,0,-1.2938,0,-1.0153,0,0.15908,0,0,0,0.30053,0,-1.3225,-1.3225,0.038042,0.97368
-0.35676,0.49588,1.5351,0,0.059422,-0.12848,-0.99731,0,0.016423,0.99731,0.99731,-0.6409,0.36396,0.60941,-0.15277,-0.36978,-0.94918,1.1033,0.22284,-1.747,0.27958,-0.097449,1.0128,-1.1686,0.46858,1.8602,-0.45609,-1.7854,0.24187,0,-0.16485,-0.69783,-0.89423,0.94225,3.1368,1.3248,0,0,-0.077169,0,-0.38884,0,1.169,1.3674,-2.1062,-0.55857,-0.19234,-0.74467,0.66957,-0.2252,0,0.95568,0,0,0,1.2172,0,2.0612,0,0.24305,0,0,0,-0.61654,0,-0.13444,-0.13444,1.251,0.96272
-0.36008,-0.18375,-0.47848,0,0.84214,0.86147,-0.99731,0,0.35585,0.99731,0.99731,0.73836,-0.43471,-0.27234,-0.68712,-0.82983,0.76083,-1.4505,0.56536,-0.29401,2.2544,1.7166,0.42535,1.38,1.5605,-0.076475,-0.52505,0.19066,-0.75979,0,-1.0905,-0.22588,-0.0794,-1.5733,-0.11523,0.048798,0,0,-0.90064,0,-0.38883,0,-0.2439,0.51372,0.28633,0.57479,0.88869,1.2195,-0.036678,1.262,0,-0.90009,0,0,0,-1.2938,0,-1.9869,0,-0.24682,0,0,0,-0.5335,0,1.112,1.112,0.44237,0.97588
-0.2942,-0.58388,-0.2659,0,0.86918,1.2496,-0.99731,0,-0.20921,0.99731,0.99731,1.1852,1.2127,0.40824,-0.9986,-1.0675,0.89926,-1.9737,0.61544,-0.3064,0.82479,1.5097,-1.0453,-0.47559,0.99517,0.95765,1.4472,1.3125,1.2445,0,1.5161,-0.2399,-0.39815,2.1344,1.4866,0.22272,0,0,0.26059,0,-0.38884,0,0.3433,0.014248,-2.2536,-0.072769,-0.48814,-0.61171,1.4636,-1.2801,0,0.16035,0,0,0,0.72394,0,0.63085,0,-1.7444,0,0,0,-0.50877,0,0.34575,0.34575,0.24021,0.97807
-0.15636,-0.55845,-0.50004,0,0.91129,0.52893,-0.99731,0,-0.27756,0.99731,0.99731,0.76085,0.94333,-0.3478,-0.8417,-1.1318,0.16191,-0.4237,0.23284,0.10634,0.028327,0.39306,0.7664,0.25954,-0.61561,1.0868,-0.79895,-0.53972,-0.77255,0,-0.26041,-0.66935,-0.61952,-0.21161,-1.3648,1.4635,0,0,0.45278,0,5.9923,0,1.4185,1.2654,0.74283,-0.38664,-0.63701,-0.020889,-1.7475,-0.55725,0,-1.4303,0,0,0,-1.249,0,-1.2852,0,0.49499,0,0,0,1.1766,0,1.3087,1.3087,0.64454,0.97149
-0.54944,0.11184,-0.5188,0,1.1795,1.1389,-0.99731,0,1.7422,0.99731,0.99731,1.1909,0.10337,0.22578,-0.77588,-1.1959,0.5495,-1.3012,1.0766,0.45028,1.5694,0.51475,1.7767,2.4597,0.20335,-0.20307,0.29057,-0.18582,0.45761,0,0.32624,0.061691,0.48522,-1.4253,-0.32643,-0.50544,0,0,-0.1718,0,-0.38877,0,-0.39725,-0.59772,0.52016,0.98425,-0.099561,-0.91772,-0.095584,-2.0526,0,-0.76754,0,0,0,-0.30737,0,0.38797,0,-1.5205,0,0,0,-0.18379,0,0.12294,0.12294,-0.77062,0.95833
0.1695,-0.81372,-0.38628,0,0.75115,0.051933,-0.99731,0,0.26371,0.99731,0.99731,-0.13058,0.22443,-0.34434,-0.066055,-0.5111,-0.47121,0.34653,0.92412,0.81513,-0.48232,0.63811,0.85446,-2.0107,-0.52841,0.29237,0.0158,-0.060316,0.048093,0,0.25106,-0.72923,-0.64002,-0.65826,-0.58706,0.77491,0,0,-0.13341,0,1.6441,0,0.6796,0.77986,0.92693,-0.47148,-0.13781,-0.023957,-1.3125,-0.24754,0,0.027794,0,0,0,0.36523,0,0.25304,0,-1.0586,0,0,0,0.64523,0,1.0727,1.0727,0.64454,0.97368
1.2013,2.1056,0.53547,0,1.3013,-0.12528,-0.99731,0,0.76839,0.99731,0.99731,0.87259,0.046005,2.9955,0.44229,-0.59938,2.3793,0.24456,-0.42452,-0.86356,1.1167,1.7167,-0.095549,-0.68803,1.0473,-0.74173,-0.46362,-0.14169,-0.52758,0,-0.18713,0.13601,0.09436,0.52521,0.27059,-0.71561,0,0,-0.74732,0,-0.38884,0,-0.79293,-0.47044,0.73564,-0.87164,0.61986,-0.0049696,0.068185,0.20746,0,-0.63498,0,0,0,-0.39705,0,-0.20574,0,1.1948,0,0,0,0.048968,0,0.97229,0.97229,-0.16412,0.97149
-0.79517,-0.48585,-0.19023,0,0.75725,0.90613,-0.99731,0,0.50297,0.99731,0.99731,0.98801,0.60459,-0.35332,-0.45955,-0.7913,0.803,-0.018631,-0.53184,-0.24148,1.5914,-0.15415,0.9065,1.7615,1.2262,-0.1031,-1.3049,-0.43032,-1.4703,0,-0.99127,-0.61191,-0.60851,1.8381,-0.19055,0.75855,0,0,-0.14639,0,-0.30553,0,0.66562,0.77365,0.036951,-0.021393,-0.12498,0.37439,-0.58962,-1.0176,0,-1.1652,0,0,0,-1.0248,0,-1.4741,0,1.5167,0,0,0,0.33185,0,1.1892,1.1892,0.24021,0.97149
-0.44532,-0.82545,-1.7188,0,0.30109,-0.52285,-0.99731,0,-0.34712,0.99731,0.99731,0.11909,0.38955,0.29252,0.33494,0.14741,0.84573,-0.15745,-0.093964,-0.58118,0.10556,0.63219,0.020528,-1.2102,0.33795,-0.54384,-0.98752,-0.98973,-0.80576,0,-0.64727,-0.57,-0.020686,-0.48293,-0.75462,0.305,0,0,-0.80822,0,-0.3859,0,0.019971,0.71155,0.28199,-0.52065,0.72058,0.25503,-0.25464,-0.25117,0,-1.6954,0,0,0,-1.2938,0,-0.31369,0,2.0486,0,0,0,0.26258,0,-0.2178,-0.2178,0.24021,0.97149
2.5121,1.7337,0.5653,0,0.44227,0.32749,-0.99731,0,0.19129,0.99731,0.99731,0.074408,0.71274,1.3147,0.65681,0.066977,0.30217,0.034268,1.3561,-0.99911,-0.58037,0.096887,-0.68997,-0.67668,-0.28199,-0.83883,0.5295,0.22591,0.57292,0,0.71906,-0.55944,-0.6196,-0.085375,0.58179,1.0128,0,0,0.25627,0,0.83171,0,0.9922,0.85955,0.41895,-0.81083,-0.48465,-0.59657,-1.1551,-0.22762,0,0.027794,0,0,0,0.051348,0,1.1166,0,2.2025,0,0,0,-0.22032,0,0.51687,0.51687,0.84671,0.96272
-1.3004,-0.68153,0.67135,0,0.14908,0.81506,-0.99731,0,0.59068,0.99731,0.99731,-0.12453,-0.033835,0.086412,-0.33097,-1.0251,0.26918,0.28901,0.60158,-1.5606,-0.074081,-0.60157,0.017927,0.41663,-0.023413,1.6768,0.70954,-0.66174,1.2136,0,1.3415,-0.5705,-0.61502,0.72486,-1.1663,1.1111,0,0,0.70585,0,-0.38115,0,1.1877,0.7976,-0.83464,-0.73604,-0.81652,-0.056767,-0.32428,0.075306,0,0.55801,0,0,0,0.49974,0,0.65784,0,0.59296,0,0,0,0.51056,0,0.52555,0.52555,1.0489,0.98465
0.89669,0.35605,0.30859,0,0.47426,0.19362,-0.99731,0,-0.75746,0.99731,0.99731,0.55883,0.62384,-0.035957,-0.056035,-1.211,0.24594,0.51175,1.3107,2.0373,-0.20635,-0.16908,-2.1857,0.87783,0.29822,0.99646,-1.1932,0.28201,-1.6568,0,-0.74336,-0.23518,0.026462,-0.77104,1.8894,-0.97033,0,0,0.97071,0,1.3729,0,-0.51967,-1.557,2.072,-0.45246,-0.98802,0.74614,-1.2663,0.30297,0,-0.36987,0,0,0,-1.0696,0,-0.23273,0,0.31304,0,0,0,0.13977,0,-0.5033,-0.5033,-0.36629,0.97807
0.83196,0.34089,0.37765,0,1.0578,0.33695,-0.99731,0,-0.26404,0.99731,0.99731,0.48372,-0.48564,-0.21201,-0.63857,-0.72198,0.77237,-0.89466,-0.12922,-0.65681,0.94051,1.045,0.50961,0.40391,0.39622,0.74007,-1.2505,-0.79574,-1.2318,0,-1.1117,-0.12062,0.0080605,-0.29391,-0.52275,-0.14694,0,0,-0.42928,0,-0.38884,0,-0.18454,-0.05911,-0.014738,-0.30451,0.18265,0.54454,0.15485,0.85512,0,-1.0326,0,0,0,-0.53157,0,-0.47561,0,-0.092858,0,0,0,0.065204,0,-2.2097,-2.2097,0.24021,0.98246
0.066598,0.51016,0.05217,0,1.5663,1.2912,-0.99731,0,1.1531,0.99731,0.99731,1.1634,0.42739,0.82547,-0.69236,-0.96512,1.5454,-1.1918,-0.33214,-0.22101,0.60953,0.41825,0.70089,1.587,-0.33405,1.0778,-0.55688,-0.75248,-0.36453,0,-0.66601,-0.52704,-0.63017,0.19706,1.1484,1.0443,0,0,-0.16889,0,-0.32878,0,0.898,1.099,-0.25883,0.020239,-0.10249,0.47525,-0.54319,0.30888,0,-1.5629,0,0,0,-1.2938,0,-1.5551,0,-0.97463,0,0,0,0.68846,0,1.2942,1.2942,0.84671,0.94737
0.38133,-0.5884,-0.69224,0,1.4565,1.4793,-0.99731,0,1.5848,0.99731,0.99731,1.5699,1.0914,0.24961,-1.0474,-1.0078,1.9253,-1.1009,-1.7632,0.18788,-0.2692,-0.42361,0.12576,1.0889,-0.7524,2.955,-0.4826,-0.28371,-0.48621,0,-0.26133,-0.86231,-0.83649,-0.85695,-0.99453,1.0532,0,0,0.86377,0,0.70198,0,1.1682,0.67422,0.20303,-0.099118,-0.92058,0.41958,-1.1231,-1.3349,0,-1.4303,0,0,0,-1.6974,0,-1.8789,0,0.98486,0,0,0,0.12048,0,1.442,1.442,0.44237,0.94079
-0.21353,1.1298,1.6695,0,1.0154,0.99192,-0.99731,0,-0.11235,0.99731,0.99731,1.3759,0.57685,2.7955,-0.76223,-1.576,2.0494,-1.547,0.40117,2.2991,0.41468,1.1724,-1.4222,1.6446,-0.09871,-0.76461,0.38722,-1.0261,0.96965,0,1.0108,-0.1268,-0.36339,-0.23265,-0.67731,0.5278,0,0,0.27994,0,-0.20186,0,0.5928,0.32376,0.2776,-0.62039,-0.50369,-0.82112,-0.72207,-0.98428,0,-0.10476,0,0,0,-0.44189,0,-0.55657,0,-0.21882,0,0,0,-0.57982,0,0.81672,0.81672,0.038042,0.97368
-1.3171,0.20184,0.37835,0,-1.2531,-0.91368,-0.99731,0,0.90593,0.99731,0.99731,0.29613,-0.80506,-0.48857,0.7303,0.15485,1.665,-0.77821,0.73115,0.16669,-0.4201,-0.19251,-0.48237,0.51778,-0.53587,0.76853,2.353,1.9901,2.0901,0,1.3539,-0.62887,-0.60622,0.037056,-0.89897,1.0976,0,0,1.7573,0,-0.0083122,0,1.3721,0.45745,-0.33171,-0.50237,-1.4251,-0.73699,-0.86275,-0.52623,0,0.95568,0,0,0,1.1275,0,0.44195,0,-1.2686,0,0,0,-0.43085,0,0.11733,0.11733,0.64454,0.97807
-0.92954,-0.57214,-0.62751,0,-1.2695,-0.53062,-0.99731,0,0.42426,0.99731,0.99731,0.41745,0.36871,0.005068,-0.22869,-0.63129,1.2615,-0.37151,-0.28443,-1.0058,-1.3688,0.30458,-1.4188,-1.418,-0.93713,0.67662,2.2403,1.7225,2.0697,0,1.4543,-0.60839,-0.60081,1.0986,-0.036563,1.0723,0,0,2.211,0,0.2654,0,1.4207,0.31495,-0.22022,-0.33005,-1.6413,-0.66934,-0.98815,-0.43825,0,0.69057,0,0,0,1.262,0,0.92771,0,-1.6884,0,0,0,-0.40347,0,0.4247,0.4247,0.64454,0.98246
-1.2852,-1.0934,-0.65634,0,-1.1894,-1.1184,-0.99731,0,0.60658,0.99731,0.99731,0.010856,-0.94298,-0.52772,1.0451,0.20258,0.92154,-0.58313,2.1619,-0.99611,-1.1401,-0.13117,0.46578,0.13749,-1.8005,0.12274,1.9216,2.0282,1.5207,0,1.1663,-0.62408,-0.58942,1.5193,1.4797,0.83007,0,0,1.9762,0,0.71676,0,1.178,0.11158,0.1981,-0.38799,-1.5321,-0.65918,-1.1269,-0.42234,0,0.027794,0,0,0,1.262,0,1.1976,0,-1.5345,0,0,0,-0.17966,0,-0.51754,-0.51754,0.64454,0.97807
-1.273,-0.11292,0.21019,0,-1.0905,-0.43454,-0.99731,0,0.86644,0.99731,0.99731,-0.17978,-0.26544,-0.54606,0.86763,0.18899,1.4147,-0.17857,0.66376,-0.15589,-1.0285,-0.2926,-1.0545,-0.14316,-0.8066,-0.24397,1.8147,1.5219,1.6179,0,1.1718,-0.63678,-0.60801,0.93399,-0.64573,0.92478,0,0,1.9943,0,1.2269,0,1.2608,0.20802,0.25764,-0.37273,-1.5407,-0.59938,-1.2392,-0.22335,0,0.42546,0,0,0,0.63426,0,0.36099,0,-0.61072,0,0,0,-0.7364,0,0.49644,0.49644,0.64454,0.98026
-0.89342,-0.6939,-0.095088,0,-1.1653,-0.37296,-0.99731,0,0.1879,0.99731,0.99731,0.33955,0.057929,-0.55025,0.64973,-0.4182,1.6388,-0.67564,1.5907,-0.27259,0.20855,1.0668,0.56297,-0.020676,-0.46333,-0.461,2.0023,1.3327,1.9453,0,1.3601,-0.49911,-0.59938,0.74626,-0.1356,1.0406,0,0,1.8101,0,0.63463,0,1.3309,0.38053,0.018417,-0.35578,-1.4514,-0.62392,-1.1053,-0.37382,0,0.95568,0,0,0,1.0378,0,0.84675,0,-1.1846,0,0,0,-0.33726,0,-0.89889,-0.89889,0.64454,0.98026
-1.2703,-0.38522,-0.83497,0,1.4018,1.259,-0.99731,0,-0.080714,0.99731,0.99731,1.3821,0.35464,0.068058,-0.66805,-1.4937,2.7612,-0.6661,-1.1675,0.45722,0.16957,-0.065443,0.63286,0.58548,-0.25349,0.79954,-0.99024,-0.82327,-0.88619,0,-0.87347,-0.67705,-0.56521,-0.31257,0.58369,1.161,0,0,1.0109,0,0.7752,0,1.2895,0.74216,0.10556,1.7669,-1.0128,1.0506,-1.1415,-1.1635,0,-1.0326,0,0,0,-1.7871,0,-2.7695,0,0.62096,0,0,0,0.48471,0,1.2155,1.2155,0.44237,0.91009
0.077955,2.1845,2.6673,0,1.4109,-0.34181,-0.99731,0,-0.48461,0.99731,0.99731,2.3871,-1.2436,3.8871,-0.44409,-1.8517,3.4809,-1.3327,-0.070933,3.9156,2.4535,2.7262,-0.70169,1.7771,1.6142,0.15455,0.93899,-0.81838,1.5795,0,1.0239,0.60461,0.70991,-0.65112,0.70791,1.2315,0,0,-0.66448,0,-0.38884,0,0.86696,1.6259,-1.665,0.25749,0.49323,-1.4703,0.57704,-2.544,0,-2.7559,0,0,0,-5.0604,0,-4.9015,0,-1.9264,0,0,0,-0.81137,0,0.64208,0.64208,-1.7815,0.88377
-0.43884,-0.11638,1.0859,0,2.0797,-0.072389,-0.99731,0,1.8599,0.99731,0.99731,3.664,0.058698,3.2868,-0.35012,-1.7365,5.3632,-1.2739,-2.0923,2.4304,0.063811,1.2466,-1.8273,0.04997,0.21968,-1.4586,0.93994,-0.64737,1.5016,0,1.0543,1.1094,1.7416,-1.4957,0.26078,-3.7574,0,0,2.4119,0,-0.38884,0,-2.6398,-4.9147,0.68949,3.2071,-1.7305,2.6479,1.7817,0.037866,0,-1.2978,0,0,0,-3.1771,0,-2.5806,0,0.39701,0,0,0,-1.27,0,0.93933,0.93933,-3.601,0.83333
0.12046,0.60576,1.0118,0,0.80863,-0.042335,-0.99731,0,0.0014409,0.99731,0.99731,0.10972,0.43768,0.064081,-0.87633,-0.93038,-0.26397,-0.73307,0.63075,-1.4222,-1.0995,0.67218,-0.68062,0.55811,-1.8255,-1.1695,0.16264,0.50945,-0.027446,0,0.52528,-0.58498,-0.46856,-0.016642,1.6383,0.73757,0,0,-1.0739,0,-0.38884,0,0.20704,1.4859,-1.2484,0.43636,1.2757,0.18951,0.80029,0.36482,0,2.2812,0,0,0,1.4862,0,0.76579,0,-0.3168,0,0,0,0.14301,0,-0.061992,-0.061992,1.251,0.92544
-0.97791,1.27,1.4165,0,0.95872,1.2008,-0.99731,0,2.587,0.99731,0.99731,0.12423,2.1995,-0.25509,0.3521,0.13308,-0.16753,0.44078,0.46064,-1.2212,-1.1588,0.4313,-0.59311,0.1018,-1.6537,-0.32162,-0.31349,-0.78853,-0.036526,0,0.89446,0.17126,0.69132,-1.5628,-0.13302,-0.49486,0,0,-1.3274,0,-0.38884,0,-1.1149,0.60334,0.11033,0.28614,2.278,0.16251,0.85829,0.78917,0,1.4859,0,0,0,-0.35221,0,-1.4471,0,0.18707,0,0,0,-1.1949,0,0.98989,0.98989,0.038042,0.92105
1.4973,1.5525,0.77309,0,1.2583,2.0879,-0.99731,0,-0.41989,0.99731,0.99731,1.1128,0.87333,1.2501,-0.63931,-0.54181,0.13723,-0.48916,-0.27226,-0.17421,0.038794,0.35604,1.7084,-0.9519,-0.43526,0.12755,0.22378,0.39187,0.10513,0,-0.21541,-0.56575,-0.51452,1.3142,1.1941,0.67264,0,0,-0.65863,0,-0.37008,0,0.39939,0.99661,0.078445,0.74506,0.48469,-0.4365,-0.40564,-0.93124,0,1.2208,0,0,0,-0.39705,0,-0.016831,0,0.60696,0,0,0,0.80391,0,-0.25744,-0.25744,0.64454,0.96711
-0.033327,0.15147,0.5263,0,1.3673,1.0952,-0.99731,0,-1.6321,0.99731,0.99731,0.20724,1.0621,-0.27735,-0.52557,-0.78888,-1.0368,0.12733,1.1619,-0.70262,-1.2679,0.326,1.5924,-1.5507,-1.9334,-1.3108,-0.6036,-0.36219,-0.60472,0,-0.30275,-0.034895,-0.056427,-0.11182,-1.0151,0.09541,0,0,-0.16987,0,-0.38884,0,0.10735,0.063713,-0.391,-0.291,-0.10151,0.28744,0.20925,0.60514,0,0.95568,0,0,0,-0.39705,0,0.14509,0,-0.022876,0,0,0,0.10754,0,-0.53497,-0.53497,0.44237,0.98684
0.61973,1.2115,2.0267,0,0.28309,1.1886,-0.99731,0,-0.10387,0.99731,0.99731,0.47741,0.52475,-0.18139,-0.85569,-1.081,-0.38707,-0.071602,0.26513,0.80076,-0.24312,0.54083,-0.54099,0.30873,-0.51672,-0.46779,-0.14806,0.34221,-0.34759,0,-0.30666,-0.26092,-0.58798,0.70983,-0.87219,0.12509,0,0,-0.74824,0,-0.38002,0,-0.0984,0.46077,0.5055,-0.081372,0.62134,0.4787,-0.33562,0.54429,0,0.42546,0,0,0,0.14103,0,-0.070804,0,1.6287,0,0,0,0.03349,0,0.12117,0.12117,0.64454,0.98026
-0.65649,-0.85445,-1.1984,0,0.94522,0.3542,-0.99731,0,0.037987,0.99731,0.99731,-0.68498,-1.3765,-0.3782,-0.10963,-0.54396,-0.037979,0.42666,0.35159,-0.039831,-1.1429,0.2753,0.33044,-0.43514,-1.7875,2.6702,-2.0943,-1.9657,-1.7704,0,-1.2652,-0.07616,-0.04077,0.12064,-0.19615,-0.86257,0,0,-0.99784,0,-0.38884,0,-1.0575,-0.40036,0.82559,-0.036833,1.0914,0.94095,0.22471,0.98411,0,-0.10476,0,0,0,0.27555,0,0.1181,0,0.29904,0,0,0,-0.033099,0,-0.44513,-0.44513,0.24021,0.97807
-0.42397,0.013836,-0.12532,0,0.49751,2.1154,-0.99731,0,0.55483,0.99731,0.99731,0.49158,0.18907,-0.6136,-0.38134,-0.96938,-0.067555,-0.28938,1.2955,-0.24959,1.0149,0.672,0.97204,-0.74736,1.027,-0.77183,-0.10234,-0.26165,-0.009972,0,0.45211,-0.14428,-0.059552,-0.20949,-1.0496,-0.10559,0,0,-0.53484,0,-0.36444,0,-0.19437,0.049051,0.72571,0.11748,0.31437,0.48911,-0.4333,0.29954,0,-1.6954,0,0,0,-1.4284,0,-0.82644,0,1.2228,0,0,0,-0.63728,0,0.27239,0.27239,0.24021,0.96491
1.1683,1.1196,1.5154,0,0.73053,1.2797,-0.99731,0,-0.93688,0.99731,0.99731,0.40409,-0.24698,-0.71266,0.025552,-0.7718,0.36243,-0.19233,1.474,-0.8785,-0.091259,-0.54916,0.5225,-1.0823,0.41208,-0.7432,-1.1744,-0.27383,-1.3758,0,-1.1331,-0.23247,-0.57911,2.2171,0.98255,-0.004689,0,0,-0.60961,0,-0.076059,0,-0.14394,0.20886,1.1511,-0.032568,0.41494,0.61785,-0.8214,1.1668,0,0.2929,0,0,0,0.58942,0,0.22605,0,0.64895,0,0,0,0.22191,0,0.33603,0.33603,0.64454,0.97807
0.52216,0.53975,-0.51615,0,-0.021729,-0.049331,-0.99731,0,-2.3035,0.99731,0.99731,-1.3022,-1.2996,0.61243,0.59502,0.63077,-0.043453,0.92089,-0.64957,0.88404,0.089182,0.5415,1.2241,-0.57361,-0.4383,0.84897,-1.3674,-0.39287,-1.5676,0,-1.1517,-0.71827,-0.63627,-0.41581,0.17522,0.3365,0,0,-0.53406,0,-0.38445,0,0.17481,0.53788,0.15497,-0.87333,0.31336,0.092154,-0.28158,0.19889,0,-0.50243,0,0,0,-0.53157,0,0.28002,0,1.6427,0,0,0,1.3072,0,-0.41769,-0.41769,0.64454,0.98026
-0.59118,-0.10205,-0.01844,0,0.37547,-0.38812,-0.99731,0,-0.034674,0.99731,0.99731,-1.0872,-0.69248,-0.050047,0.61724,0.59962,-0.52198,1.562,-0.67226,0.066714,0.021977,0.60731,0.1125,0.23473,-0.44923,0.85732,-1.4036,-0.33892,-1.6388,0,-1.4442,-0.53878,-0.62463,0.92145,-1.1741,0.079976,0,0,-0.87642,0,-0.38463,0,-0.20493,0.52338,0.54558,-0.95555,0.84261,0.25522,-0.27864,1.6087,0,0.2929,0,0,0,0.32039,0,0.52291,0,2.1046,0,0,0,1.5064,0,-0.5564,-0.5564,0.84671,0.98026
-0.74104,-0.49329,0.19601,0,0.76309,1.3036,-0.99731,0,0.025723,0.99731,0.99731,-1.113,-1.0239,-0.53117,0.89091,0.63354,-0.61435,1.4626,0.20535,0.42017,-0.080952,0.19477,-0.34544,-0.034009,-0.11834,2.1848,-1.3104,-1.0888,-1.1729,0,-1.1943,-0.58876,-0.62628,2.2618,0.52802,0.23791,0,0,-0.81331,0,-0.38884,0,-0.03635,0.64426,-0.14663,-0.55659,0.72932,0.17499,0.13538,0.079885,0,0.16035,0,0,0,0.41006,0,0.28002,0,2.1885,0,0,0,1.1053,0,-0.52253,-0.52253,0.64454,0.97588
0.93772,2.1946,0.75335,0,-0.084234,-0.44999,-0.99731,0,0.093847,0.99731,0.99731,-0.13839,-0.50333,2.042,0.49413,0.82463,0.0090573,-0.50156,0.27016,-0.135,-1.0113,0.0177,-0.99265,-0.60324,-0.75561,-0.93509,-0.91658,0.24526,-1.2859,0,-0.31841,-0.55923,-0.60766,0.0064422,-0.8863,0.46891,0,0,-0.48286,0,-0.27588,0,0.30399,0.64798,0.46494,-0.70383,0.24812,-0.16915,-0.63639,-0.27541,0,-1.5629,0,0,0,-0.48673,0,0.22605,0,1.7267,0,0,0,1.037,0,0.10792,0.10792,0.64454,0.97588
-0.57231,-0.47515,0.52584,0,-0.015579,-0.37025,-0.99731,0,0.47918,0.99731,0.99731,-0.68204,-0.064895,-0.44636,-0.071519,0.066523,-0.56045,0.53438,-0.27701,-0.61863,0.75237,0.66152,0.16497,0.74327,0.35767,-0.4048,-0.99754,-0.49956,-1.0452,0,-0.92389,-0.65944,-0.62902,0.78936,-0.32439,0.076689,0,0,-0.7197,0,-0.38884,0,-0.11989,0.39037,-0.55609,-0.74319,0.57641,0.35213,0.53135,0.72405,0,-0.10476,0,0,0,0.72394,0,0.25304,0,0.55097,0,0,0,1.282,0,-2.1236,-2.1236,0.64454,0.95833
0.18424,0.063147,0.55155,0,-1.0359,-0.44994,-0.99731,0,-0.26249,0.99731,0.99731,-0.66638,0.6846,-0.63287,-0.43815,-0.21877,-0.84141,0.53406,-0.44109,0.0076869,-0.5629,0.12384,-0.77619,-1.3465,0.0036167,0.67459,0.58636,1.1282,0.22859,0,-0.33983,-0.60232,-0.63116,-1.0481,0.90965,0.46399,0,0,-0.39314,0,-0.37795,0,0.33581,0.58884,0.079003,-0.9983,0.13996,-0.048554,-0.35385,0.62753,0,0.82312,0,0,0,0.36523,0,0.49592,0,-0.036872,0,0,0,0.8716,0,1.3211,1.3211,0.84671,0.97807
0.084534,-0.83825,-0.80072,0,-1.0905,-1.3025,-0.99731,0,0.18739,0.99731,0.99731,-1.0888,1.9115,-0.40433,1.5455,1.5847,-0.54215,0.81931,0.83766,-1.2782,-0.78576,-1.6633,-0.13159,-1.0172,0.19994,0.81758,1.1111,0.70555,1.0952,0,1.0903,-0.13941,-0.42539,0.17506,1.6667,0.025567,0,0,0.75756,0,-0.38884,0,0.28473,-0.39639,-0.41616,-0.49848,-0.85121,-0.81423,0.081491,-0.37141,0,0.95568,0,0,0,1.7104,0,2.1691,0,-1.3245,0,0,0,-0.29427,0,1.0917,1.0917,0.24021,0.97588
-1.1043,-1.3352,-1.2817,0,-1.4067,-1.0059,-0.99731,0,-1.235,0.99731,0.99731,-0.92576,-1.3515,-1.2066,0.73574,0.85197,-0.5549,0.31085,0.60181,-0.3097,0.65825,1.3775,1.1625,-1.2276,0.24957,0.40548,0.53133,1.0162,0.20995,0,0.88919,-0.41195,-0.61432,-0.39272,-0.16533,0.57051,0,0,0.026885,0,-0.38884,0,0.56379,0.48677,-0.60706,0.043875,-0.28887,-0.55764,0.0020011,0.26256,0,0.69057,0,0,0,1.2172,0,1.4674,0,-0.6807,0,0,0,0.27817,0,0.35968,0.35968,0.84671,0.98684
-0.96341,-0.54371,-0.42857,0,-0.86969,-1.2638,-0.99731,0,-0.20633,0.99731,0.99731,-0.69523,-0.44068,0.035507,-0.6115,-0.18131,-1.0953,0.26713,-0.37199,-0.80938,0.72073,-0.015641,0.54405,-1.0629,1.2585,-0.27725,-0.22767,0.14493,-0.35823,0,0.025399,-0.045464,-0.43746,0.47852,0.10048,0.40971,0,0,0.49475,0,-0.38764,0,0.54876,0.11369,-0.33144,-0.82942,-0.66799,-0.34606,-0.20286,-0.57789,0,2.1487,0,0,0,1.0378,0,1.4674,0,0.21506,0,0,0,-0.056812,0,1.3678,1.3678,0.44237,0.97368
-1.2697,-0.24123,-0.28601,0,-1.0493,-1.2855,-0.99731,0,1.2323,0.99731,0.99731,-0.59997,-0.74608,-0.17718,0.60345,0.046727,-0.85181,1.0988,1.2946,-0.37279,0.21976,0.88689,0.94063,-0.82731,-0.22246,1.3754,0.49425,-0.2278,0.73756,0,0.36331,-0.41148,-0.60516,0.59351,-0.69694,0.88398,0,0,-0.21259,0,-0.38884,0,0.75442,0.95317,-1.3168,-0.82863,-0.057949,-0.42875,0.4,0.86273,0,1.3533,0,0,0,1.9794,0,2.0612,0,-0.62472,0,0,0,0.48234,0,1.7002,1.7002,1.0489,0.98026
-0.76379,-0.51362,-0.29489,0,-0.73385,-0.50067,-0.99731,0,0.54022,0.99731,0.99731,-0.88216,-0.61414,-0.2691,0.0095872,0.58111,-0.95412,0.20277,-0.32731,0.2782,0.37367,0.38065,0.19391,0.039397,0.24195,-0.16355,-0.73713,-0.36358,-0.77489,0,-1.01,-0.32723,-0.04586,-1.5495,0.59658,-0.23787,0,0,-0.27147,0,-0.37549,0,-0.20738,-0.2532,0.66402,-0.3151,0.0040076,0.60085,-0.3724,0.7644,0,0.16035,0,0,0,-0.12801,0,0.1181,0,0.18707,0,0,0,-0.063695,0,-0.74014,-0.74014,0.44237,0.98026
-0.42431,-0.67485,-0.13063,0,-1.183,0.01058,-0.99731,0,1.1412,0.99731,0.99731,-1.3321,-0.72265,-1.2149,0.97983,0.40554,-1.5013,1.2211,2.1313,0.70225,0.23656,-1.2561,1.1765,-1.0335,0.9166,0.50568,-0.33915,0.2046,-0.52842,0,-0.68501,-0.63579,-0.64573,0.23505,-1.0003,0.47547,0,0,-0.13588,0,-0.38884,0,0.43592,0.46314,-0.67501,-0.86723,-0.13537,-0.19113,0.16057,-0.35377,0,0.2929,0,0,0,-0.038331,0,0.14509,0,0.439,0,0,0,0.36073,0,-1.1003,-1.1003,0.64454,0.97807
-0.80685,-0.86614,-0.78379,0,-1.347,-1.4942,-0.99731,0,1.4725,0.99731,0.99731,-1.548,-1.1171,-0.75967,1.2988,0.40434,-0.8854,2.4668,1.0298,-0.85006,0.41464,0.052266,1.374,-0.034355,0.048175,-1.3937,0.45492,1.5247,-0.12284,0,-0.39667,-0.10431,-0.081709,-0.5695,-0.34857,0.083748,0,0,0.37304,0,-0.38884,0,0.24704,-0.19253,-0.3994,-0.41136,-0.5767,0.35153,0.099505,1.0894,0,-0.90009,0,0,0,0.14103,0,-0.39465,0,-1.1146,0,0,0,-0.047588,0,-2.3217,-2.3217,0.44237,0.97368
0.36195,-0.73587,-0.79946,0,-1.2905,-1.2619,-0.99731,0,-0.49312,0.99731,0.99731,-1.0028,-0.39747,-1.3605,0.46658,0.84109,-1.0649,0.32905,0.42202,-0.29623,-0.27889,1.3639,-0.089957,-0.10303,-1.0354,0.69309,0.072143,-0.36441,0.26074,0,-0.15764,-0.69135,-0.63485,-1.3739,-1.2656,0.58205,0,0,-0.27156,0,-0.38883,0,0.47947,0.65079,-0.46541,-0.72422,0.0041091,-0.023092,-0.040336,0.14877,0,0.42546,0,0,0,0.54458,0,-0.34067,0,-0.19083,0,0,0,-0.092761,0,1.1036,1.1036,0.64454,0.98026
-0.67547,-0.94373,-1.0623,0,-1.3722,-1.6739,-0.99731,0,-0.15097,0.99731,0.99731,-1.2322,-0.222,-0.9163,0.44176,0.98328,-1.2851,0.33435,0.32208,-0.59695,0.46659,-0.5314,1.226,-0.041366,0.41033,1.3632,-1.4289,-0.60227,-1.5495,0,-1.5918,-0.61335,-0.63202,-0.46097,1.2909,0.2644,0,0,-0.99829,0,-0.38884,0,-0.12906,0.85836,0.014174,-1.0278,1.0924,0.38578,0.084899,0.76259,0,0.16035,0,0,0,-0.12801,0,-0.17875,0,1.1808,0,0,0,0.95826,0,-1.0581,-1.0581,0.84671,0.98026
-0.60833,-0.52171,-0.87876,0,-1.0057,-0.36337,-0.99731,0,-0.071514,0.99731,0.99731,-1.465,-0.71534,-0.46983,1.6324,1.2829,-0.55573,1.8276,0.5152,-0.28698,0.60029,-1.0091,1.4082,-0.91813,1.16,0.55612,-0.45188,0.86182,-0.97644,0,-0.98664,-0.039621,-0.55803,-1.0956,0.6575,-0.49042,0,0,-1.1405,0,-0.38884,0,-0.85498,0.21464,-1.8307,-0.036667,1.4636,0.8398,2.1738,1.4163,0,0.95568,0,0,0,1.3069,0,0.65784,0,-0.0088794,0,0,0,-0.054294,0,-1.5092,-1.5092,0.44237,0.98026
-0.59501,-0.89977,-1.064,0,-1.5035,-1.4281,-0.99731,0,-0.41843,0.99731,0.99731,-1.2959,-1.4782,-0.95542,1.7197,2.3849,-0.59299,1.3306,-0.83146,-0.58045,-0.16254,0.24608,0.76036,-1.1275,-0.1876,-0.347,-0.61645,-0.24752,-0.67417,0,-0.49863,-0.25468,-0.043555,-1.1354,0.6181,0.14498,0,0,0.30733,0,-0.38443,0,0.28027,-0.10215,0.046158,0.12222,-0.52547,0.52553,-0.28191,0.69036,0,-0.36987,0,0,0,-0.30737,0,-0.23273,0,0.8309,0,0,0,0.49089,0,-0.61803,-0.61803,0.44237,0.98246
-0.38506,-0.44884,-0.28535,0,-1.1939,-1.2822,-0.99731,0,-0.61342,0.99731,0.99731,-1.0113,-0.29145,-0.30963,1.3601,1.8834,-1.3969,1.5465,-0.16679,-0.80442,-0.53746,0.97954,-0.72339,-1.2644,-0.43054,-0.2741,1.0379,1.5427,0.61458,0,0.066215,-0.62765,-0.62648,-1.2584,0.73787,0.72686,0,0,-0.064799,0,-0.38884,0,0.66975,0.70461,-1.1984,-0.9416,-0.2041,-0.44278,0.37745,-0.36243,0,0.82312,0,0,0,0.096188,0,0.30701,0,-0.98862,0,0,0,1.0464,0,1.183,1.183,0.64454,0.98026
-0.38783,-0.32954,0.69855,0,-1.1166,-0.90728,-0.99731,0,0.86608,0.99731,0.99731,-1.4356,-0.34969,-1.0378,0.15502,1.0725,-1.1764,-0.15553,-0.24939,0.0028667,-0.093587,-1.2752,2.2028,0.30484,-0.55127,1.4966,-0.49427,0.19395,-0.72194,0,-0.77035,-0.61321,-0.6439,-0.83944,0.6217,0.64011,0,0,-0.081355,0,-0.38884,0,0.58981,0.61495,-0.6065,-1.0117,-0.18834,-0.022415,-0.019752,0.3782,0,0.2929,0,0,0,-0.12801,0,-0.50259,0,0.32703,0,0,0,0.41567,0,-0.87808,-0.87808,0.84671,0.96711
1.8291,0.25672,0.090837,0,0.79167,0.36246,-0.99731,0,-0.42242,0.99731,0.99731,0.72403,-0.82411,1.3555,-1.4135,-0.99493,0.55804,-1.2281,-1.1188,-0.45668,0.20434,0.28169,0.91343,-1.2248,0.30747,-0.92177,-0.68392,-0.43674,-0.67301,0,-0.8427,-0.93235,-0.62726,1.4523,0.70591,1.0141,0,0,-0.7305,0,-0.38853,0,0.64981,1.4326,-0.51108,1.2559,0.59326,0.93553,-0.14377,-0.49039,0,-1.4303,0,0,0,-1.6526,0,-2.3377,0,-0.12085,0,0,0,2.1527,0,0.95555,0.95555,0.64454,0.94079
0.60134,0.40741,-0.2926,0,0.80774,0.45983,-0.99731,0,2.0512,0.99731,0.99731,1.1434,0.40645,0.1942,-2.3326,-1.8327,-0.27286,-1.3202,-0.98294,-0.033725,0.54143,0.4328,0.58014,-0.51866,0.50606,0.63307,-1.4557,-1.0817,-1.3622,0,-0.87605,-0.19216,-0.034503,-0.17932,0.41768,-0.091185,0,0,-0.28923,0,-0.36027,0,-0.091301,-0.08263,0.64082,-0.10726,0.023161,0.67333,-0.45084,0.48514,0,-0.50243,0,0,0,-0.08317,0,0.14509,0,-0.40078,0,0,0,1.3058,0,-1.5733,-1.5733,0.44237,0.88816
-0.88486,-0.45943,-0.30752,0,1.2219,0.38058,-0.99731,0,-1.3629,0.99731,0.99731,0.75034,0.46917,-0.62177,-0.78431,-0.17713,-0.3787,-0.95224,-0.33297,0.1415,1.3601,1.1506,0.77876,0.42833,0.83286,0.10726,0.43688,0.58734,0.28737,0,0.94567,-0.6479,-0.58721,-0.15062,-0.98354,0.40602,0,0,-0.18771,0,0.51996,0,0.35468,0.40507,0.95532,2.0352,-0.08346,0.61082,-1.0729,-0.85957,0,0.16035,0,0,0,-0.12801,0,-1.3932,0,0.60696,0,0,0,0.87359,0,0.53942,0.53942,0.44237,0.97807
-1.119,-1.2998,-1.4971,0,0.35418,1.0856,-0.99731,0,-0.14304,0.99731,0.99731,0.25427,0.21179,-1.1077,-0.20289,-0.12562,-0.0064027,-0.48077,0.23819,-0.040187,0.8518,0.96245,-0.54942,0.51189,0.69502,1.0385,0.1756,-0.26801,0.34852,0,0.23222,-1.1022,-0.97957,1.3696,-0.16743,1.048,0,0,-0.28376,0,-0.33981,0,0.8624,1.166,-0.25673,0.53951,0.017237,-0.12912,-0.51623,0.44876,0,1.0882,0,0,0,1.7104,0,0.7388,0,-1.4505,0,0,0,-0.12792,0,1.2332,1.2332,1.4532,0.98026
0.70378,-0.69287,-1.0633,0,0.54399,0.082017,-0.99731,0,0.23538,0.99731,0.99731,0.78812,0.21301,0.20692,-1.023,-1.2501,0.14509,-0.69262,0.17871,2.1445,0.53132,-0.14774,-1.4549,-0.57071,1.6787,-0.45907,-0.39154,-1.0017,-0.037837,0,-0.33621,-0.85497,-0.60264,0.60175,-1.1864,0.078046,0,0,0.43314,0,0.57307,0,0.25034,-0.2303,1.0793,0.17129,-0.62233,0.15712,-1.0883,-0.2877,0,-0.63498,0,0,0,-1.1593,0,-0.63753,0,-0.26081,0,0,0,0.96185,0,-0.39598,-0.39598,0.038042,0.98026
-0.57085,-0.99945,-1.1113,0,1.1271,0.14627,-0.99731,0,2.2718,0.99731,0.99731,1.0333,2.3025,-0.15065,0.19228,-0.55625,0.35937,-0.6852,1.9699,0.70288,0.85178,-0.27446,-0.72879,0.58635,1.3768,0.92275,-0.72129,-0.31793,-0.77573,0,-0.30736,-0.23224,0.069173,-0.58748,0.057431,0.42504,0,0,1.7738,0,5.3936,0,0.79866,-0.27642,1.2953,0.21359,-1.4334,0.40605,-1.705,0.056588,0,-1.828,0,0,0,-1.2938,0,-1.0693,0,-0.97463,0,0,0,0.6522,0,-1.3374,-1.3374,0.038042,0.9386
0.78828,-0.66724,-0.9607,0,1.0597,1.037,-0.99731,0,0.82581,0.99731,0.99731,0.48666,0.50682,0.025296,-0.87999,-0.67265,-0.27756,0.34867,-1.165,0.062008,-0.67349,-0.046448,-1.0608,-0.31828,-0.43443,2.6906,-0.67211,-0.067119,-0.82875,0,-0.7932,-0.15759,-0.060377,-0.54709,1.8808,-0.15145,0,0,-0.074593,0,-0.38884,0,-0.069068,-0.25362,-0.40282,-0.4306,-0.19479,0.50156,0.36678,0.95188,0,-0.63498,0,0,0,-0.21769,0,0.17208,0,-0.6807,0,0,0,0.78523,0,-0.42052,-0.42052,0.44237,0.91228
-0.46512,-1.0301,-0.59088,0,1.3321,0.09208,-0.99731,0,1.785,0.99731,0.99731,0.39482,-0.6604,-0.52026,-1.5239,-0.95281,-0.68127,-0.79611,-0.64953,-0.07011,1.7685,-0.049316,0.98682,1.4654,1.5239,-0.45658,-1.4921,-0.82229,-1.5286,0,-1.3459,-0.20568,-0.053192,0.13968,0.41154,-0.38733,0,0,-0.40509,0,-0.38884,0,-0.37542,-0.33805,0.058325,-0.16178,0.15394,0.40936,0.25825,0.22919,0,-0.50243,0,0,0,-0.21769,0,0.28002,0,0.0051169,0,0,0,1.5175,0,-1.8936,-1.8936,0.44237,0.9057
2.155,2.685,2.4866,0,1.2413,1.0751,-0.99731,0,0.5062,0.99731,0.99731,3.1545,3.7397,3.5242,-1.9982,-1.8369,1.4141,-2.6595,-0.32125,-1.7167,-2.3728,0.8496,-2.7639,-2.6562,-1.5434,-0.22447,1.4271,0.79553,1.4579,0,1.3314,-0.5153,-0.16646,-0.20316,1.1087,1.7505,0,0,0.066079,0,-0.37799,0,1.5643,1.7551,-1.1819,-0.39313,-0.32389,-0.82403,-0.35357,-0.80695,0,-1.0326,0,0,0,-1.2042,0,-0.42163,0,-0.54074,0,0,0,0.43027,0,1.3489,1.3489,0.84671,0.95175
0.38136,0.69918,0.40006,0,0.93743,0.56282,-0.99731,0,1.6065,0.99731,0.99731,0.74776,0.5669,0.39576,0.32864,-0.22555,0.30312,-0.47423,1.454,1.768,0.74559,0.25917,0.71042,0.23697,0.55402,-0.81376,-0.769,-1.3524,-0.35859,0,-1.107,0.18679,0.15509,-1.5012,-0.68889,-0.46811,0,0,1.6455,0,0.14248,0,0.024348,-1.2011,1.1229,-0.45972,-1.3683,0.18562,-0.93798,-0.66631,0,0.027794,0,0,0,-0.12801,0,-0.58355,0,-1.1566,0,0,0,-0.225,0,-1.2025,-1.2025,-0.36629,0.94298
-0.20995,-0.82876,-1.1538,0,1.8452,2.2721,-0.99731,0,1.0692,0.99731,0.99731,1.8001,0.33866,0.67258,-2.0899,-1.7404,0.2646,-2.1404,-0.2642,1.6183,0.39239,0.77359,-0.82236,0.26498,0.39023,-0.18108,-1.0538,-1.0557,-0.86012,0,-1.161,-0.16364,-0.051778,-0.56901,0.72565,-0.21831,0,0,-0.42219,0,1.7481,0,-0.2491,-0.15233,1.8753,0.13516,0.17419,0.69909,-1.329,0.749,0,-1.0326,0,0,0,-1.0696,0,-0.070804,0,-0.7087,0,0,0,1.055,0,-0.7421,-0.7421,0.44237,0.91009
0.12613,0.051793,-1.2034,0,0.93293,0.89542,-0.99731,0,-0.081621,0.99731,0.99731,1.2129,2.1225,0.56498,-0.76872,-0.8487,0.15649,-0.3187,-0.27103,0.63859,-0.83055,0.61911,-0.14861,-2.0407,-0.57685,-0.080291,-1.2221,-2.0722,-0.60547,0,-1.0833,-0.1762,-0.42852,1.982,0.49247,2.0582,0,0,0.92868,0,2.8628,0,2.0305,1.7369,-0.19813,0.94867,-0.96179,-0.79768,-1.4762,-1.5903,0,-0.50243,0,0,0,-0.71092,0,-0.93438,0,-0.24682,0,0,0,1.2334,0,0.44205,0.44205,0.64454,0.94956
0.4001,-0.1108,-0.98907,0,0.71723,0.11693,-0.99731,0,0.057861,0.99731,0.99731,0.19403,0.27257,-0.27944,-1.0822,-0.46941,-0.87763,-0.89897,-0.099839,0.48786,0.56653,-0.11542,0.22197,1.5668,0.10829,0.22158,-1.3906,-1.285,-1.1849,0,-1.0111,-0.0063617,0.00085566,-0.35484,-1.5185,0.0016272,0,0,-0.25946,0,-0.38884,0,-0.00050045,0.0075119,-0.21749,0.29164,-0.00882,0.53295,0.16174,0.22818,0,-1.2978,0,0,0,-0.84544,0,-0.85342,0,0.061102,0,0,0,-0.19809,0,-2.0439,-2.0439,0.038042,0.96711
-1.1551,-0.58973,-0.72838,0,1.013,0.85026,-0.99731,0,-0.66987,0.99731,0.99731,1.1116,-0.19352,0.32126,0.30461,-0.65546,0.51064,-1.0599,2.6413,2.3132,0.44155,-0.065729,1.1144,-0.09378,0.28423,-1.5982,0.52185,-1.4555,1.3404,0,1.4085,0.082535,-0.41915,0.35309,0.32418,-1.4282,0,0,0.27983,0,-0.38884,0,-1.0439,-1.8077,0.72552,2.0324,-0.5036,2.3412,0.29478,0.85015,0,-0.36987,0,0,0,-1.0248,0,-1.4741,0,-1.1426,0,0,0,2.0801,0,0.64017,0.64017,-0.77062,0.96711
0.95046,0.24212,-0.80526,0,1.1582,0.88928,-0.99731,0,-0.27628,0.99731,0.99731,0.86641,-0.22942,0.96007,-1.1013,-0.77421,0.084211,-0.22104,-1.4025,1.362,-1.9575,-1.2008,-0.15329,-1.215,-1.5356,-1.768,-1.4191,-0.030097,-1.8014,0,-0.98561,0.80482,0.39535,-0.28058,0.32145,-0.31054,0,0,0.88021,0,-0.38884,0,0.034662,-0.79153,-2.1028,-0.77285,-0.93109,-0.31937,1.6094,-1.4577,0,1.751,0,0,0,-0.30737,0,-0.55657,0,0.69094,0,0,0,-0.44011,0,0.44847,0.44847,-0.97279,0.91447
0.023544,1.2652,2.6975,0,1.2832,0.73849,-0.99731,0,0.2028,0.99731,0.99731,1.473,-0.054152,1.3592,-0.015727,-0.63785,2.5487,-2.0976,0.75635,0.30227,1.7635,0.21159,0.21641,0.96154,1.894,0.15071,-0.42059,-0.50467,-0.30474,0,-0.26885,-0.52024,-0.029466,-0.9424,-0.07693,-1.2474,0,0,-1.1217,0,-0.38884,0,-1.4628,-0.66834,-0.34514,1.4185,1.4075,0.83815,1.5381,0.32744,0,-0.36987,0,0,0,-0.39705,0,0.14509,0,0.36902,0,0,0,-0.45724,0,0.43646,0.43646,-0.56846,0.96491
0.99875,2.3002,0.84604,0,0.95079,1.2898,-0.99731,0,0.899,0.99731,0.99731,0.70778,0.74182,1.1852,-1.6881,-0.86843,-0.39704,-1.1078,-1.338,1.8666,2.6225,0.73209,0.88747,1.3226,2.4224,-0.074765,-0.50212,-0.21926,-0.54097,0,0.44248,-0.51414,-0.43237,-0.76401,1.4297,1.5208,0,0,-0.42621,0,-0.38884,0,1.2094,1.7767,-1.6765,-1.1568,0.17898,-1.5316,0.30857,-1.8329,0,-0.36987,0,0,0,-0.12801,0,0.06413,0,-0.66671,0,0,0,0.60453,0,-2.698,-2.698,0.038042,0.96491
0.42072,-0.61619,-0.89012,0,0.36121,0.15459,-0.99731,0,-1.0504,0.99731,0.99731,0.72613,0.22751,1.3942,0.5188,-0.63659,1.6038,0.48185,0.36764,0.58518,0.16981,0.52161,-0.19801,0.46214,-0.11899,-0.76258,0.077175,-1.5125,0.79786,0,1.3521,-0.31812,-0.58834,0.13058,-0.27118,-1.5349,0,0,-1.2171,0,-0.38884,0,-1.7885,-0.83215,-1.1361,2.1023,1.7258,2.142,2.4725,1.7387,0,0.82312,0,0,0,0.41006,0,-0.42163,0,0.63495,0,0,0,-0.35384,0,1.549,1.549,-0.16412,0.97368
0.74758,1.2886,0.88956,0,1.2462,0.49953,-0.99731,0,0.042331,0.99731,0.99731,2.1654,1.0171,0.20058,0.082424,-1.059,2.6635,0.095508,-0.74536,1.0388,-0.86617,-0.38984,-0.74105,-2.1628,0.19273,-0.3149,1.1323,-1.2849,2.0425,0,1.5397,0.19192,-0.11904,-1.4784,1.341,-1.7138,0,0,-0.78483,0,-0.38884,0,-1.6287,-1.5393,-0.48862,2.6751,0.68105,0.76484,1.8049,-1.1468,0,-1.828,0,0,0,-2.2355,0,-1.5011,0,-1.8424,0,0,0,-0.36901,0,-0.582,-0.582,-1.9836,0.89035
-0.60999,-1.2721,-0.68799,0,-1.4761,-1.4403,-0.99731,0,0.24135,0.99731,0.99731,-1.5337,-0.21866,-0.94871,1.7226,2.0498,-0.60228,1.2721,-0.060936,-0.93194,-1.4537,-1.3492,-0.82495,0.27444,-1.1512,0.34469,0.12022,0.14114,0.088545,0,-0.27207,-0.42221,-0.58655,1.0771,0.22447,-0.5141,0,0,-0.54677,0,-0.38884,0,-0.53674,-0.39163,0.52987,-0.31122,0.32998,0.66973,0.015393,1.2851,0,-0.76754,0,0,0,0.81362,0,0.79278,0,0.71893,0,0,0,0.074043,0,-0.48526,-0.48526,0.44237,0.97588
-1.3618,-0.15939,1.1764,0,-1.1206,-0.95729,-0.99731,0,-0.29293,0.99731,0.99731,-1.0049,-0.62584,-0.55269,0.95802,0.21576,-0.82654,1.6453,1.251,0.44049,1.4462,0.10897,0.2067,2.0907,1.0386,-0.23756,0.45267,1.3388,-0.039816,0,-0.086493,-0.46179,-0.58121,-0.91904,0.58396,0.18247,0,0,-0.1938,0,-0.38746,0,0.17027,0.16878,0.070621,-0.74706,-0.077249,0.18826,-0.21042,-0.21473,0,0.16035,0,0,0,-0.30737,0,-0.070804,0,0.03311,0,0,0,-0.10786,0,-1.0785,-1.0785,0.44237,0.97368
-1.0605,-0.31169,-0.28479,0,-1.1799,-1.4358,-0.99731,0,0.39449,0.99731,0.99731,-0.54781,-0.96786,-1.0424,1.4996,1.5752,-0.47793,1.1604,0.20185,0.15877,-1.2575,-0.066068,-1.3307,0.51567,-1.4225,0.20969,0.84917,1.7046,0.29834,0,-0.0090157,-0.49391,-0.045572,-1.7886,-1.5345,-0.62529,0,0,0.42895,0,-0.38772,0,-0.33733,-0.98999,0.58558,-0.36059,-0.61919,0.14081,-0.19934,-0.088889,0,-0.10476,0,0,0,0.27555,0,0.1181,0,0.34103,0,0,0,-0.32109,0,-0.36256,-0.36256,-0.16412,0.9693
-0.54741,-0.38101,0.031461,0,-1.1076,-0.63321,-0.99731,0,0.79433,0.99731,0.99731,-1.0074,-0.98861,-1.0928,0.52187,0.98301,-1.1137,0.99053,-0.46169,0.96973,1.054,-1.1549,0.42233,-0.029698,1.9054,0.75839,-0.15322,0.79299,-0.56257,0,-0.98131,-0.082393,-0.0053217,-0.554,0.8071,-0.27925,0,0,0.40388,0,-0.15201,0,-0.055364,-0.60658,0.99278,-0.3208,-0.60026,0.20827,-0.76611,-0.030381,0,-0.23732,0,0,0,0.006509,0,-0.25971,0,-1.2406,0,0,0,-0.47296,0,0.15288,0.15288,0.038042,0.96491
0.05813,0.071827,0.38992,0,-0.57597,0.11776,-0.99731,0,0.15201,0.99731,0.99731,-1.4613,-0.70225,-0.58026,1.9113,2.6643,-0.20805,1.409,-1.3359,-1.2437,-0.47104,-1.3126,-0.68418,-0.31327,0.39323,0.98367,-0.79943,-0.65037,-0.72201,0,-1.0355,-0.29207,-0.53637,1.9469,-0.93278,-0.55809,0,0,-0.32417,0,-0.38884,0,-0.49032,-0.57416,0.44986,-0.19802,0.061507,0.60449,0.04056,1.34,0,0.027794,0,0,0,0.9033,0,0.54989,0,-0.13485,0,0,0,-0.034517,0,1.4175,1.4175,0.44237,0.97807
0.4091,0.30712,0.2597,0,-0.60267,-0.25514,-0.99731,0,1.4088,0.99731,0.99731,-1.3917,-1.1987,-0.35587,1.9225,1.959,-0.29712,1.5193,0.076048,-1.2426,-0.15729,-0.57122,-0.20564,-0.73544,0.46449,-0.032437,-0.065126,0.91405,-0.50583,0,-0.73418,0.36795,0.76298,0.7053,-0.64953,-0.63596,0,0,0.28018,0,-0.20014,0,-0.38472,-0.94753,1.2781,-1.2447,-0.50387,-0.44355,-0.72373,-0.74204,0,-0.23732,0,0,0,0.14103,0,0.1181,0,-0.3168,0,0,0,-0.062451,0,-0.62701,-0.62701,-0.56846,0.9693
-0.034771,-0.14327,1.3455,0,-0.62902,-0.48838,-0.99731,0,-0.67895,0.99731,0.99731,-1.1285,-1.2324,0.061413,1.9629,2.3917,-0.4599,1.0635,-0.11417,1.0714,-1.3637,-2.8595,0.99355,0.3195,-1.0171,0.47381,0.21154,-0.21465,0.36982,0,-0.20911,0.55027,1.0585,-0.24829,0.027988,-0.52296,0,0,-0.27956,0,-0.38884,0,-0.4461,-0.56009,0.44586,-0.60267,0.012702,-0.13954,0.0060848,0.53033,0,-0.76754,0,0,0,0.72394,0,0.091117,0,-1.8704,0,0,0,1.3967,0,0.92886,0.92886,-0.16412,0.9693
0.58195,0.55756,0.69879,0,-0.44845,-0.19158,-0.99731,0,0.47761,0.99731,0.99731,-0.77887,-0.68467,-0.4305,0.25882,0.98346,-1.27,0.78277,-0.7292,-0.014125,1.4249,-0.15209,0.66443,1.047,1.3392,1.6877,0.0058099,0.024803,-0.0040329,0,-0.36636,-0.15997,-0.47992,1.7784,-0.17266,-0.25282,0,0,-0.28664,0,-0.38518,0,-0.22443,-0.2607,0.55385,-0.31315,0.020357,0.43573,-0.26893,1.301,0,-0.50243,0,0,0,0.36523,0,-0.043817,0,-0.44277,0,0,0,0.10375,0,0.9773,0.9773,0.24021,0.97368
-0.33272,-0.1607,1.3918,0,0.62861,0.18925,-0.99731,0,0.47626,0.99731,0.99731,2.0486,-1.6831,-0.78356,-0.44912,-0.88319,2.697,-1.6409,-0.73867,2.5422,0.9589,1.1394,-1.4105,2.1522,0.50556,-1.9956,0.87083,0.55004,0.85973,0,0.80626,2.6296,2.2389,2.1988,1.5555,-0.39546,0,0,-1.0245,0,-0.38884,0,-0.67711,0.1721,-3.0105,-1.6817,1.153,-2.6712,2.9289,-1.6118,0,0.82312,0,0,0,-0.21769,0,0.36099,0,-0.90465,0,0,0,2.1774,0,-0.5325,-0.5325,-2.5901,0.9693
-2.0437,-0.4178,0.012581,0,-1.5531,-1.6782,-0.99731,0,0.51167,0.99731,0.99731,-0.081628,0.82947,-0.16346,0.16005,0.2677,-0.0070163,-0.42582,0.39074,-0.040843,-0.01919,-1.4212,-1.4487,0.67443,1.0289,-0.44327,-0.42878,0.19658,-0.63937,0,-0.82201,0.046458,-0.056561,-0.77136,-0.70179,-0.15476,0,0,0.067598,0,-0.28486,0,-0.036211,-0.33022,0.79721,-0.14958,-0.32523,0.16289,-0.62331,0.036396,0,-0.36987,0,0,0,0.006509,0,-0.17875,0,0.77492,0,0,0,-0.21246,0,0.73888,0.73888,0.24021,0.98246
-0.51588,-0.24982,0.04476,0,-1.5971,-1.3021,-0.99731,0,0.64284,0.99731,0.99731,-1.3104,-0.46773,-0.53174,2.4367,2.0752,-0.60703,1.226,1.7992,1.0734,0.62123,-0.099734,1.7386,-0.1081,0.29591,-1.2419,-0.099731,0.49735,-0.35748,0,-0.69097,-0.11111,-0.062077,-1.7049,-1.3775,-0.06036,0,0,-0.09988,0,-0.38884,0,-0.00081495,-0.14184,-0.38426,-0.39091,-0.17053,0.16982,0.29458,0.032036,0,-0.50243,0,0,0,0.23071,0,-0.097791,0,0.87289,0,0,0,-0.77004,0,0.93175,0.93175,0.24021,0.98246
-1.4425,-0.47576,0.48018,0,-1.3739,-1.1391,-0.99731,0,0.87406,0.99731,0.99731,-0.64248,-0.93389,-0.78962,0.37115,0.57678,-0.24301,0.3277,-0.2386,0.17616,0.36896,-0.34244,-0.92208,0.20068,0.97168,0.81408,-0.14296,-0.24492,-0.069657,0,-0.41177,-0.088804,-0.063641,0.0066732,-0.29795,0.05681,0,0,0.86146,0,-0.38884,0,0.33287,-0.39679,-0.53675,0.15221,-0.91909,0.27273,0.13686,0.14066,0,0.16035,0,0,0,0.14103,0,-0.043817,0,-0.022876,0,0,0,-0.064387,0,-2.3383,-2.3383,0.24021,0.97588
-1.3618,-0.15939,1.1764,0,-1.1206,-0.95729,-0.99731,0,-0.29293,0.99731,0.99731,-1.0049,-0.62584,-0.55269,0.95802,0.21576,-0.82654,1.6453,1.251,0.44049,1.4462,0.10897,0.2067,2.0907,1.0386,-0.23756,0.45267,1.3388,-0.039816,0,-0.086493,-0.46179,-0.58121,-0.91904,0.58396,0.18247,0,0,-0.1938,0,-0.38746,0,0.17027,0.16878,0.070621,-0.74706,-0.077249,0.18826,-0.21042,-0.21473,0,0.16035,0,0,0,-0.30737,0,-0.070804,0,0.03311,0,0,0,-0.10786,0,-1.0785,-1.0785,0.44237,0.97368
-0.75982,-1.7935,-1.4718,0,-1.9135,-1.5471,-0.99731,0,-3.3792,0.99731,0.99731,-1.1585,-1.3062,-1.3768,1.0588,0.48284,-0.3225,1.9448,0.17553,-0.79976,-0.64514,-0.39325,0.21914,-0.31906,-0.66123,-0.25867,-0.035303,1.614,-0.79125,0,-0.40456,-0.32827,-0.51053,-0.064971,-1.0182,-1.7611,0,0,0.93422,0,-0.38884,0,-1.1831,-2.3937,0.47934,0.3375,-0.96527,0.5341,0.61842,0.24969,0,1.2208,0,0,0,1.8898,0,1.2246,0,0.32703,0,0,0,0.33214,0,0.36205,0.36205,-0.77062,0.95833
0.3208,-0.058964,1.3228,0,-0.53407,-0.85384,-0.99731,0,0.035596,0.99731,0.99731,-1.8588,-0.7387,0.67136,2.904,2.6504,-0.48605,1.3853,1.6799,0.080189,-1.5289,-1.2816,-0.70619,-1.4122,-0.63503,0.3595,-0.16182,0.58348,-0.47672,0,-0.58575,-0.40241,-0.050151,-1.4505,-1.1443,-0.64908,0,0,-0.33698,0,-0.38884,0,-0.57085,-0.66766,0.59269,-0.81947,0.075797,0.45768,-0.0064133,1.1488,0,0.69057,0,0,0,1.3517,0,1.1706,0,1.2508,0,0,0,0.39498,0,-0.32759,-0.32759,0.44237,0.97807
-0.73971,-0.72978,-0.44631,0,-0.5678,-0.15654,-0.99731,0,-1.814,0.99731,0.99731,-1.995,-0.93367,-0.86099,1.4341,1.6873,-0.92358,1.4015,0.012911,0.25377,0.4266,-0.90882,0.68219,0.067221,0.75477,0.3064,0.070581,0.90446,-0.3278,0,-0.36785,-0.17568,-0.52685,1.3753,2.338,0.3991,0,0,0.58024,0,-0.34515,0,0.55787,0.068253,0.036182,-0.524,-0.72954,0.28704,-0.50151,0.44525,0,-1.1652,0,0,0,-1.3387,0,-1.0963,0,-0.42877,0,0,0,0.2761,0,0.26818,0.26818,0.44237,0.96272
0.83196,0.34089,0.37765,0,1.0578,0.33695,-0.99731,0,-0.26404,0.99731,0.99731,0.48372,-0.48564,-0.21201,-0.63857,-0.72198,0.77237,-0.89466,-0.12922,-0.65681,0.94051,1.045,0.50961,0.40391,0.39622,0.74007,-1.2505,-0.79574,-1.2318,0,-1.1117,-0.12062,0.0080605,-0.29391,-0.52275,-0.14694,0,0,-0.42928,0,-0.38884,0,-0.18454,-0.05911,-0.014738,-0.30451,0.18265,0.54454,0.15485,0.85512,0,-1.0326,0,0,0,-0.53157,0,-0.47561,0,-0.092858,0,0,0,0.065204,0,-2.2097,-2.2097,0.24021,0.98246
-0.43469,-1.6552,-1.6969,0,-0.69594,-1.6674,-0.99731,0,0.14692,0.99731,0.99731,0.11623,-1.4536,-1.1314,-0.30693,-0.44093,0.40032,0.23144,-0.67915,0.32849,-0.41393,-1.3223,0.21011,1.1051,-0.44946,-0.23629,0.84886,0.41548,0.89383,0,0.63969,0.027313,0.23611,0.77691,-0.59137,-1.7566,0,0,-0.21846,0,-0.38884,0,-1.4539,-1.9497,1.1476,1.0504,-0.051875,1.4517,0.30911,1.181,0,-0.23732,0,0,0,-0.21769,0,-0.36766,0,-0.27481,0,0,0,-0.011235,0,1.0149,1.0149,-0.77062,0.96053
-0.96529,-0.24796,0.69917,0,-0.76369,-0.6405,-0.99731,0,1.0467,0.99731,0.99731,-0.1344,0.055303,-0.25992,0.005555,-0.33898,-0.15738,-0.48546,1.4964,-1.6845,1.0216,2.4448,-0.89194,0.14245,0.46639,1.1307,1.832,1.4335,1.6808,0,2.2608,-0.5156,-0.60799,1.2376,-0.56089,0.69454,0,0,1.5005,0,-0.35563,0,0.98872,0.095964,-0.44685,0.1366,-1.2923,-0.98311,-0.46819,-0.44556,0,1.751,0,0,0,1.8001,0,1.4944,0,-1.8144,0,0,0,-0.19035,0,0.57495,0.57495,0.64454,0.98026
-1.0322,-1.2273,-0.6172,0,-0.66235,-0.65709,-0.99731,0,1.2447,0.99731,0.99731,0.12923,0.17521,-0.45365,0.079376,-0.13738,-0.23332,0.095976,0.5937,0.87595,-0.71183,-0.58394,0.14498,0.41785,-0.94132,-0.061447,1.4878,0.73455,1.5637,0,1.5926,0.62976,0.11382,-0.30301,-1.1088,-0.2675,0,0,-0.62211,0,-0.38884,0,-0.36188,-0.065232,-0.035922,1.3107,0.43242,0.023372,0.32234,-1.1405,0,-1.2978,0,0,0,-1.4732,0,-0.25971,0,-1.2126,0,0,0,-0.21024,0,0.072791,0.072791,-0.16412,0.98246
-0.60999,-1.2721,-0.68799,0,-1.4761,-1.4403,-0.99731,0,0.24135,0.99731,0.99731,-1.5337,-0.21866,-0.94871,1.7226,2.0498,-0.60228,1.2721,-0.060936,-0.93194,-1.4537,-1.3492,-0.82495,0.27444,-1.1512,0.34469,0.12022,0.14114,0.088545,0,-0.27207,-0.42221,-0.58655,1.0771,0.22447,-0.5141,0,0,-0.54677,0,-0.38884,0,-0.53674,-0.39163,0.52987,-0.31122,0.32998,0.66973,0.015393,1.2851,0,-0.76754,0,0,0,0.81362,0,0.79278,0,0.71893,0,0,0,0.074043,0,-0.48526,-0.48526,0.44237,0.97588
-1.0605,-0.31169,-0.28479,0,-1.1799,-1.4358,-0.99731,0,0.39449,0.99731,0.99731,-0.54781,-0.96786,-1.0424,1.4996,1.5752,-0.47793,1.1604,0.20185,0.15877,-1.2575,-0.066068,-1.3307,0.51567,-1.4225,0.20969,0.84917,1.7046,0.29834,0,-0.0090157,-0.49391,-0.045572,-1.7886,-1.5345,-0.62529,0,0,0.42895,0,-0.38772,0,-0.33733,-0.98999,0.58558,-0.36059,-0.61919,0.14081,-0.19934,-0.088889,0,-0.10476,0,0,0,0.27555,0,0.1181,0,0.34103,0,0,0,-0.32109,0,-0.36256,-0.36256,-0.16412,0.9693
-0.4893,-0.43906,-0.015819,0,-0.99764,-0.67719,-0.99731,0,-0.91932,0.99731,0.99731,-0.67979,0.085813,-0.8975,1.2994,0.90804,-0.34845,1.6402,0.27486,0.71956,-0.42016,-0.38687,-2.042,-0.70092,0.77065,-1.2314,-0.714,-1.1099,-0.40033,0,-0.78502,-0.0091037,-0.0094838,0.29613,-0.62273,-0.49315,0,0,0.19528,0,-0.38444,0,-0.28403,-0.75358,0.63176,-0.039238,-0.43465,0.28432,-0.28177,0.57198,0,-1.1652,0,0,0,-0.53157,0,-0.016831,0,-1.5345,0,0,0,-0.33125,0,-2.0155,-2.0155,0.038042,0.97368
2.1608,1.9002,3.3557,0,-0.88757,-1.2519,-0.99731,0,-0.55681,0.99731,0.99731,0.72608,0.25673,0.87258,-0.50458,-0.2666,0.7635,-1.2349,-0.307,-0.15782,1.3465,1.334,-0.07831,-1.4785,1.86,0.49598,0.76731,0.21548,0.88196,0,0.35058,-0.63535,-0.64868,-0.54056,-0.83898,0.71074,0,0,-0.029134,0,-0.3884,0,0.66409,0.66576,-0.50915,-0.22509,-0.23757,-0.36279,-0.15693,-0.14182,0,1.0882,0,0,0,-0.17285,0,0.28002,0,1.6847,0,0,0,1.7705,0,0.32925,0.32925,0.64454,0.95175
-0.54741,-0.38101,0.031461,0,-1.1076,-0.63321,-0.99731,0,0.79433,0.99731,0.99731,-1.0074,-0.98861,-1.0928,0.52187,0.98301,-1.1137,0.99053,-0.46169,0.96973,1.054,-1.1549,0.42233,-0.029698,1.9054,0.75839,-0.15322,0.79299,-0.56257,0,-0.98131,-0.082393,-0.0053217,-0.554,0.8071,-0.27925,0,0,0.40388,0,-0.15201,0,-0.055364,-0.60658,0.99278,-0.3208,-0.60026,0.20827,-0.76611,-0.030381,0,-0.23732,0,0,0,0.006509,0,-0.25971,0,-1.2406,0,0,0,-0.47296,0,0.15288,0.15288,0.038042,0.96491
0.30504,-0.30639,0.48011,0,-0.69252,-0.56349,-0.99731,0,0.27587,0.99731,0.99731,-0.33175,-0.98521,-0.35486,-1.3889,-0.44598,-1.0836,-0.58849,-1.1069,0.43648,-0.90706,0.17756,-0.91702,-1.3961,-0.38313,-1.1485,-1.291,-1.4401,-0.98585,0,-1.228,-0.090676,0.0070504,1.8484,0.77691,-0.82273,0,0,-0.42902,0,-0.38884,0,-0.74699,-0.8047,0.47706,0.54771,0.18234,0.7086,0.23902,1.2878,0,-0.90009,0,0,0,0.27555,0,0.7388,0,-0.79268,0,0,0,0.63323,0,-2.1969,-2.1969,0.24021,0.92763
0.88116,2.0265,1.1827,0,0.54497,0.32786,-0.99731,0,1.6223,0.99731,0.99731,0.6824,0.25434,-0.32853,-1.1005,-1.0726,-0.62736,-0.6349,0.47446,0.66688,1.2117,-1.1231,0.26319,0.25205,2.102,-0.78521,0.34798,-0.52624,0.68841,0,-0.090996,-0.2296,-0.033435,0.47485,0.67604,-0.14973,0,0,-0.58286,0,-0.38884,0,-0.24749,0.037224,-0.057032,2.1367,0.3782,1.6419,0.24198,0.65258,0,-1.1652,0,0,0,-1.0248,0,-0.9074,0,-1.8844,0,0,0,0.48583,0,-1.826,-1.826,0.44237,0.91667
3.0139,1.1662,0.59683,0,0.77412,0.75447,-0.99731,0,1.8554,0.99731,0.99731,2.2268,2.3298,1.9863,-1.2174,-2.1542,1.4247,-2.3904,2.116,-1.1581,-1.6761,-0.24191,-2.3505,0.42849,-1.4038,-2.1855,0.67494,-0.82568,1.2451,0,0.89061,-0.89203,-0.33235,-0.023112,0.38047,1.3319,0,0,1.0858,0,0.053624,0,1.4504,0.90451,-0.36774,1.5035,-1.0581,-0.77109,-0.89596,-0.14608,0,1.4859,0,0,0,0.76878,0,-0.61054,0,-1.1566,0,0,0,1.0723,0,1.3994,1.3994,0.24021,0.92325
2.6843,3.1508,1.4179,0,1.3324,0.90998,-0.99731,0,0.22837,0.99731,0.99731,2.3999,2.3188,0.33564,-2.2135,-1.6834,1.1939,-1.8822,-1.9361,-0.022219,-1.2231,-1.6801,-0.19634,0.74876,-1.0763,-0.94357,-0.12608,-1.2707,0.42609,0,-0.078872,0.4981,-0.26868,-1.2697,-1.1365,-0.24941,0,0,1.2816,0,-0.38884,0,0.16342,-0.84554,-2.5931,0.04242,-1.172,-0.22751,1.876,-1.1383,0,-1.1652,0,0,0,-2.1906,0,-1.8249,0,0.28504,0,0,0,-0.58234,0,0.18741,0.18741,-1.175,0.87939
-0.47949,0.7509,1.6169,0,1.1548,2.6783,-0.99731,0,-0.15114,0.99731,0.99731,-0.087162,0.58725,0.1442,0.14669,0.40899,-0.78336,0.29894,0.10231,0.20346,-0.081696,-0.28027,-0.18037,-1.4632,0.68993,0.93835,-1.4297,-0.60262,-1.5503,0,-1.2917,1.2754,1.4192,0.47942,-0.5522,-1.6675,0,0,-1.0201,0,-0.38884,0,-1.7353,-1.2766,1.4949,-0.095336,1.1426,0.21824,0.27192,0.2473,0,-1.0326,0,0,0,-0.39705,0,-0.23273,0,1.4607,0,0,0,-1.5653,0,1.0897,1.0897,-1.175,0.96711
0.66365,1.0239,0.1219,0,0.36795,2.0457,-0.99731,0,-1.1491,0.99731,0.99731,0.11461,0.51037,0.38399,-1.4183,-0.27313,-1.0474,-0.38363,-1.8253,0.89205,-1.1315,0.24915,1.1618,-2.7143,-1.0533,-0.67722,-1.8296,-1.6266,-1.5886,0,-1.6208,1.3712,0.83936,-0.63637,2.5946,-0.30739,0,0,-0.051565,0,0.22904,0,-0.19984,-0.44502,1.3947,-1.0692,-0.2166,-0.86613,-0.97411,-1.9861,0,0.82312,0,0,0,0.85846,0,0.38797,0,1.5727,0,0,0,-1.1397,0,0.75876,0.75876,-0.77062,0.97149
-0.67714,0.44215,0.44295,0,1.2668,2.5375,-0.99731,0,-1.2007,0.99731,0.99731,0.098613,0.31017,0.50658,-0.62305,-0.54083,-0.17193,0.20083,-0.6727,0.063428,-0.20307,-2.3933,-0.83099,-0.39582,1.447,0.12974,-0.66795,-0.81604,-0.47724,0,-0.28147,1.7156,1.3547,-1.2827,1.519,-1.4933,0,0,-0.33769,0,0.39052,0,-1.2797,-1.6059,2.5663,-0.6089,0.076592,-0.7551,-1.0324,-1.0104,0,-0.50243,0,0,0,0.096188,0,-0.23273,0,1.1808,0,0,0,-1.7511,0,1.4277,1.4277,-1.5793,0.95175
-0.34502,-1.1646,-0.62215,0,-0.15693,0.27793,-0.99731,0,-1.1336,0.99731,0.99731,-1.1058,-0.14746,-0.37184,0.48844,0.78076,-0.75271,1.1235,-0.66722,0.46934,-1.2105,-1.2596,0.31065,0.18671,-1.3021,1.0469,0.35947,1.2684,-0.12649,0,-0.062023,-0.20873,-0.3185,0.78584,2.8482,-0.44095,0,0,-1.2289,0,-0.38884,0,-0.9193,0.40958,0.67575,0.69576,1.7722,1.2954,0.22668,1.1121,0,-0.23732,0,0,0,-0.17285,0,-0.043817,0,-0.54074,0,0,0,0.9179,0,-0.38991,-0.38991,0.84671,0.94518
1.6095,1.4496,2.5859,0,0.23873,1.0321,-0.99731,0,-1.0566,0.99731,0.99731,0.14152,0.36411,0.15298,0.38536,0.50888,0.53385,0.35803,-0.96909,0.52881,-0.77134,-2.0822,1.5276,-0.15654,-0.57577,-0.32705,-0.75531,0.017241,-0.97418,0,-0.90126,0.40899,0.22298,1.3648,2.0999,-2.3408,0,0,-1.1734,0,-0.38884,0,-2.3986,-1.813,-1.1253,0.99042,1.569,1.8575,3.0393,0.91698,0,0.55801,0,0,0,0.14103,0,-0.2867,0,0.71893,0,0,0,-1.0631,0,0.5841,0.5841,-1.9836,0.9693
-0.3155,-0.56757,-0.50784,0,-0.20716,0.37203,-0.99731,0,-0.14913,0.99731,0.99731,-0.099528,0.49019,-0.46201,0.077765,0.16265,-0.79821,0.087296,0.7436,-1.4075,-1.0225,-0.73895,-1.5229,-0.52368,-0.22283,-0.011434,-0.25631,-0.43452,-0.12701,0,0.43997,0.32943,0.64824,-0.18054,-0.7613,-3.7115,0,0,-1.2699,0,-0.38884,0,-3.6268,-3.1946,0.81974,1.1389,1.9523,1.8301,2.6376,1.5024,0,1.0882,0,0,0,0.9033,0,0.68483,0,1.4467,0,0,0,-1.4069,0,0.21346,0.21346,-1.9836,0.96491
1.0922,0.27537,0.32387,0,-0.057405,-0.046104,-0.99731,0,-0.53097,0.99731,0.99731,0.46262,0.26291,-0.074377,-0.76883,-0.29766,-0.12824,-0.56697,-0.71911,-0.51007,-1.2868,-0.85039,-0.16497,0.54212,-1.5994,1.9761,0.0086775,-0.55352,0.26697,0,0.013244,0.12085,0.39475,-0.25572,2.006,-1.207,0,0,-1.3853,0,-0.38884,0,-1.8394,0.06696,-2.1315,1.5923,2.8075,1.0537,3.3105,-0.27739,0,0.16035,0,0,0,0.36523,0,-0.25971,0,-0.59673,0,0,0,-1.6055,0,0.16673,0.16673,-1.5793,0.98026
1.1895,-0.054938,0.61402,0,-0.27958,-0.52596,-0.99731,0,1.6404,0.99731,0.99731,0.47558,-0.52892,-0.44119,-1.3694,-0.41292,0.067818,-1.3644,-1.4671,-0.48737,-0.6567,-1.4812,-0.8334,-0.63516,0.40986,1.1028,1.1459,0.90856,1.0459,0,1.3428,-0.14667,0.048468,0.3088,-0.16003,-1.0753,0,0,-0.64447,0,-0.38884,0,-1.0408,-0.94266,0.30418,0.81072,0.4642,1.1357,0.63564,0.65401,0,0.42546,0,0,0,-0.39705,0,-0.47561,0,-0.54074,0,0,0,-0.31997,0,0.30364,0.30364,-0.77062,0.9693
1.095,-0.30447,-1.8005,0,-0.88054,-0.86411,-0.99731,0,-0.83339,0.99731,0.99731,-0.40884,-0.23702,0.22685,-0.064865,0.023501,0.29291,-0.039554,-0.43738,-1.201,-1.3394,-1.1479,-0.22588,-0.41308,-1.0069,-1.2685,-0.17074,-0.24722,-0.10414,0,-0.23767,-0.65457,-1.1042,0.18485,-0.44789,1.0608,0,0,-0.29799,0,-0.38884,0,0.87098,1.192,-0.95348,-0.31508,0.03269,0.1233,0.02275,0.52008,0,0.82312,0,0,0,-0.30737,0,-0.17875,0,1.1808,0,0,0,0.27185,0,0.48063,0.48063,0.84671,0.9693
1.4592,0.47934,-0.011429,0,-0.5499,-0.63002,-0.99731,0,-0.27865,0.99731,0.99731,-0.20145,0.29284,0.66428,0.20875,0.21314,0.051715,0.028611,0.11385,-0.9948,-1.4345,-1.7094,-0.94791,-0.7461,-0.42509,-0.95367,0.019772,-0.18782,0.11211,0,-0.17753,-0.58957,-1.1147,-0.091639,0.36822,1.2256,0,0,0.46837,0,-0.31586,0,1.2281,1.009,-0.56012,-0.65791,-0.64858,-0.25537,-0.57038,0.44287,0,0.95568,0,0,0,0.41006,0,0.037143,0,0.50899,0,0,0,0.23912,0,0.32669,0.32669,0.84671,0.97368
1.5442,0.4644,0.0055516,0,-0.85575,-0.51686,-0.99731,0,-0.2691,0.99731,0.99731,-0.0041903,-0.14738,0.6896,-0.035284,0.1166,0.018404,-0.18855,-0.11958,-0.36767,-1.8225,-1.3267,-0.29935,-0.623,-1.4752,-1.4899,0.16007,0.31958,0.057036,0,-0.17522,-0.5443,-1.1029,0.53497,-1.1604,0.97772,0,0,-0.36739,0,-0.36674,0,0.77403,1.1381,-0.28498,-0.47683,0.11022,0.13035,-0.42267,0.91703,0,1.3533,0,0,0,0.41006,0,-0.016831,0,1.2508,0,0,0,0.10486,0,0.38082,0.38082,0.84671,0.97368
0.82714,0.47491,0.88246,0,-0.91635,-0.66426,-0.99731,0,0.027019,0.99731,0.99731,-0.19106,0.096717,0.1798,0.013855,0.34135,0.43839,-0.10562,-0.93301,-1.3458,-0.98971,-2.3146,-0.17862,-0.30832,0.013556,-0.83906,0.046165,0.072067,0.025742,0,-0.038977,-0.50155,-1.1091,1.1664,0.25588,0.93981,0,0,-0.24209,0,3.1133,0,0.78098,1.0171,1.0639,-0.37287,-0.0272,0.061056,-1.5039,0.6181,0,1.2208,0,0,0,0.49974,0,-0.25971,0,2.5944,0,0,0,0.15144,0,0.44771,0.44771,0.84671,0.97588
0.25144,0.32685,-0.32194,0,-1.0637,-1.0102,-0.99731,0,-0.43423,0.99731,0.99731,-0.39069,0.44035,0.62978,0.9084,0.7379,0.12984,0.78499,0.0311,-0.43807,-2.5548,-1.4765,-0.83975,-0.56077,-2.2641,-0.59726,1.1002,1.1532,0.87429,0,0.46712,-0.47257,-1.0983,0.87861,-0.31228,1.0447,0,0,-0.14535,0,-0.38884,0,0.91077,1.0934,-1.4046,0.079266,-0.126,-0.087921,0.34048,0.62807,0,1.0882,0,0,0,0.63426,0,0.22605,0,-0.14884,0,0,0,0.26847,0,0.42033,0.42033,0.84671,0.9693
1.1641,0.21027,0.55824,0,0.6447,0.50703,-0.99731,0,0.69598,0.99731,0.99731,0.97246,0.47885,0.50451,-1.5727,-0.58014,0.20189,-1.4956,-1.7413,0.40687,-1.4086,-1.5066,-1.4977,-1.1631,-0.094642,-0.84938,-1.1694,-2.0027,-0.57021,0,-1.1447,1.7967,1.9929,-1.3417,-0.24826,-4.2936,0,0,-1.3195,0,-0.38884,0,-4.1728,-3.7368,1.2689,1.2698,2.2255,1.363,2.8102,1.1409,0,0.69057,0,0,0,0.32039,0,-0.070804,0,-0.44277,0,0,0,-2.3655,0,0.36434,0.36434,-2.9945,0.98026
1.4822,1.1064,0.56317,0,-1.1631,-1.209,-0.99731,0,-0.39114,0.99731,0.99731,-0.43264,-0.29272,0.57771,0.45256,0.36956,-0.018202,0.53423,-0.019592,-0.91194,-0.21005,-0.74703,-0.1894,0.22528,0.081126,-0.40596,0.089579,-0.46863,0.33122,0,-0.15158,-0.52162,-1.1158,1.4102,-0.010382,0.93386,0,0,-0.067009,0,-0.38883,0,0.84037,0.92941,-0.84349,-0.49172,-0.202,0.10012,-0.038216,0.89315,0,0.95568,0,0,0,0.63426,0,0.06413,0,0.39701,0,0,0,0.31735,0,0.43624,0.43624,0.84671,0.97368
0.16552,0.3265,0.088784,0,-1.0455,-0.20096,-0.99731,0,0.059844,0.99731,0.99731,-0.76736,-0.41699,-1.0498,0.49273,0.33032,-0.12395,1.6737,-1.0447,0.18178,-0.33525,-0.99232,-1.1328,-0.96998,0.9141,-0.2416,0.61144,0.77922,0.42197,0,0.44616,-0.20823,-0.0052796,-0.95862,-1.3986,-1.3639,0,0,0.88694,0,-0.38884,0,-0.85709,-1.9459,0.011262,1.0991,-0.93539,0.46317,0.71181,0.073159,0,-1.1652,0,0,0,-0.30737,0,0.52291,0,-0.14884,0,0,0,-0.46444,0,-1.6705,-1.6705,-0.97279,0.95175
0.81875,-0.23231,-0.20848,0,-0.45015,-0.74217,-0.99731,0,-1.9076,0.99731,0.99731,-0.25384,-0.4406,-0.98969,0.14389,-0.54553,0.4843,0.54442,0.41389,-1.2695,0.35695,0.68182,1.0041,0.22864,-0.39021,1.3417,1.5813,1.8887,1.1497,0,1.1096,3.636,3.8583,-0.17271,-0.86245,1.0638,0,0,-0.64656,0,-0.38884,0,0.73642,1.4278,-1.675,-2.1491,0.46722,-3.5772,0.69165,-3.1249,0,0.95568,0,0,0,0.41006,0,0.334,0,0.29904,0,0,0,-2.8423,0,0.98468,0.98468,-2.5901,0.98026
0.96476,-0.11921,-0.45774,0,-0.58095,-0.53616,-0.99731,0,-1.8916,0.99731,0.99731,-0.49299,-0.42969,-0.92444,1.1737,0.1672,0.067226,1.1748,1.5622,-0.98506,-0.45885,0.35034,1.111,0.35269,-1.4708,1.3103,2.0006,2.2581,1.5154,0,1.3601,3.8039,3.8542,-0.88384,-0.63518,0.33595,0,0,-1.0574,0,-0.38884,0,-0.10475,1.0232,-2.3247,-1.4085,1.2334,-2.876,1.9,-2.3333,0,1.6185,0,0,0,0.9033,0,0.41496,0,-0.12085,0,0,0,-2.6086,0,1.0043,1.0043,-2.9945,0.98246
2.028,0.42829,0.29832,0,-0.28119,-0.090151,-0.99731,0,-1.0923,0.99731,0.99731,-0.58812,-0.069377,-0.70386,1.7512,0.37185,0.83267,0.71508,2.4113,-0.92787,1.4553,2.2887,1.1027,-0.55582,0.65028,0.52256,1.9578,2.4908,1.3532,0,1.283,3.782,3.8648,-0.77076,-0.89556,0.31003,0,0,-1.0457,0,-0.38884,0,-0.1176,0.97846,-2.1513,-1.4377,1.2042,-2.9209,1.7774,-2.3567,0,1.751,0,0,0,0.27555,0,0.17208,0,-0.036872,0,0,0,-2.937,0,1.0052,1.0052,-2.9945,0.98246
1.1773,0.60827,1.1482,0,-0.5461,-0.30235,-0.99731,0,-1.4242,0.99731,0.99731,-0.80711,-0.66276,-0.94356,0.65896,0.021227,-0.29606,1.0916,0.97789,-1.8777,0.6687,1.1193,1.115,-1.2162,0.36738,2.034,1.8629,1.9133,1.4986,0,1.282,3.7623,3.8677,0.72444,-0.69963,0.97263,0,0,-0.6085,0,-0.38884,0,0.67691,1.2976,-1.3811,-2.0793,0.41339,-3.6306,0.51332,-2.9701,0,1.6185,0,0,0,0.49974,0,0.41496,0,-0.16284,0,0,0,-2.6692,0,0.97591,0.97591,-2.5901,0.98246
-0.23608,-0.75584,-0.7218,0,0.15901,0.70043,-0.99731,0,-1.7686,0.99731,0.99731,-0.64362,-0.15307,-0.81335,-0.14801,-0.24142,-0.89666,-0.27614,1.3978,-0.58744,-0.44588,0.42374,-0.26214,-1.4803,-0.11948,-0.079739,-0.96038,-1.3982,-0.58222,0,-0.33414,1.5429,2.4046,-1.424,1.4913,-0.61439,0,0,-1.0675,0,-0.38884,0,-0.90131,-0.035554,-0.074002,-0.10551,1.2592,-0.70263,0.81928,0.6668,0,0.55801,0,0,0,0.32039,0,0.76579,0,-0.10685,0,0,0,-0.80346,0,1.1214,1.1214,-1.175,0.98465
1.2497,-0.24776,-0.64546,0,1.1598,0.85978,-0.99731,0,-0.7914,0.99731,0.99731,0.94463,1.438,-0.2703,-0.83712,-0.81034,0.57312,0.43256,-1.9197,2.2931,0.40492,0.82585,-0.49529,0.75247,0.074388,-1.3517,-0.32421,-0.29334,-0.27914,0,-0.46865,-0.20963,0.0014332,-0.35608,-1.1134,-0.060888,0,0,1.4013,0,0.28731,0,0.32833,-0.69561,0.88717,1.9285,-1.2387,0.92764,-0.99634,0.062458,0,-1.0326,0,0,0,-0.48673,0,-0.61054,0,-0.0088794,0,0,0,-0.36131,0,-0.5819,-0.5819,0.24021,0.97588
-1.3789,-0.96125,-1.1459,0,0.99774,1.0692,-0.99731,0,0.21434,0.99731,0.99731,1.2974,1.002,-0.21171,0.90545,-0.52024,3.155,-0.59507,0.77609,-0.86007,0.1408,-0.20967,-0.51351,0.51355,0.2878,0.56648,0.68531,0.36471,0.70807,0,0.88322,-0.15104,0.0054966,-0.77667,-1.3209,0.86467,0,0,2.8308,0,3.8992,0,1.3266,-0.051297,0.62472,1.2443,-1.906,0.52724,-1.5821,-1.292,0,-1.6954,0,0,0,-1.6526,0,-2.2298,0,0.59296,0,0,0,0.040965,0,1.3258,1.3258,0.038042,0.9364
1.5141,0.48312,0.60269,0,-0.65063,-0.55241,-0.99731,0,0.20439,0.99731,0.99731,-1.0358,-1.3619,-0.9544,0.40053,0.45485,-0.63597,1.43,-0.70496,0.028685,-0.24052,-0.72948,-0.25847,-0.6062,0.45724,-2.2892,0.33258,-0.61996,0.71202,0,1.1803,-0.44064,-0.60402,1.058,-0.71976,-0.64023,0,0,-1.0971,0,-0.30775,0,-0.95383,-0.035319,1.698,3.1964,1.3379,1.7297,-0.58565,2.2178,0,-0.23732,0,0,0,-0.17285,0,-0.98836,0,-0.036872,0,0,0,-0.017265,0,-0.42624,-0.42624,0.64454,0.96053
-1.0002,-0.53675,-0.67586,0,-1.3012,-0.84827,-0.99731,0,-0.98742,0.99731,0.99731,-0.98905,-0.90401,-1.1474,1.4892,1.9306,-0.84971,0.74569,0.28471,1.0791,-0.65539,-1.8508,-0.59099,0.75751,-0.012867,-1.4027,0.77732,0.19631,0.90363,0,1.1898,-0.316,-0.49909,-0.20407,-1.3993,-0.86669,0,0,-0.29845,0,-0.38444,0,-0.74065,-0.93064,1.1081,2.2037,0.033194,1.435,-0.28172,-0.13304,0,-0.63498,0,0,0,0.14103,0,0.010156,0,0.075099,0,0,0,0.7676,0,-0.56367,-0.56367,0.24021,0.97588
0.578,0.20225,-0.57814,0,0.55331,0.378,-0.99731,0,-0.039348,0.99731,0.99731,0.06859,-0.20508,0.75992,-0.022812,0.15197,0.23746,0.064455,-0.73693,0.71765,-0.021877,-0.26741,-1.1247,1.5081,-0.05077,-0.44413,0.61149,0.65138,0.48113,0,0.70151,-0.090581,0.024826,0.23422,0.2346,-0.50249,0,0,1.6733,0,-0.18639,0,0.00071772,-1.2441,0.89912,-0.27683,-1.3826,0.088207,-0.73659,-0.45606,0,0.42546,0,0,0,0.27555,0,0.334,0,-0.89065,0,0,0,0.17277,0,-0.46776,-0.46776,-0.16412,0.97807
-1.1599,-0.67819,-0.29613,0,0.69211,1.0026,-0.99731,0,1.1413,0.99731,0.99731,0.45229,0.083834,-1.093,-0.19424,-0.8059,0.63596,-0.62265,1.0977,-0.50804,-0.43439,-0.054537,0.04962,2.2164,-1.5496,0.47769,1.1413,0.64983,1.1596,0,1.627,-0.79391,-0.6221,-1.5291,0.29644,1.1824,0,0,-0.29004,0,0.18499,0,0.97021,1.3139,0.19062,1.2315,0.024037,0.16611,-0.95623,0.36302,0,0.95568,0,0,0,-0.30737,0,-0.36766,0,-0.27481,0,0,0,0.2718,0,-0.78189,-0.78189,1.251,0.98246
0.15207,1.7999,2.8288,0,0.70431,0.63343,-0.99731,0,0.6126,0.99731,0.99731,1.1942,1.3285,0.023296,-0.51257,-0.82654,-0.23233,-0.81179,1.3816,0.33457,-0.36581,-1.0642,-0.33748,-0.16603,0.1828,1.9907,1.1876,1.1862,0.9709,0,0.75025,-0.37177,-0.0015567,0.25234,3.6075,0.5048,0,0,1.9457,0,2.0299,0,0.89525,-0.23206,0.78535,-0.50356,-1.5175,-0.86351,-1.3708,-0.79227,0,1.2208,0,0,0,0.36523,0,1.3865,0,0.94287,0,0,0,0.017495,0,1.3173,1.3173,0.44237,0.95614
-0.63329,0.16461,-0.012867,0,1.1473,1.8584,-0.99731,0,-0.33652,0.99731,0.99731,1.5847,1.7502,-0.14125,-0.71986,-0.87343,1.7512,-1.5101,-0.46405,-0.17388,0.39125,1.1716,-1.0753,-0.10477,0.47514,-1.3613,0.83342,0.29277,0.9308,0,0.34823,-0.36413,-0.52678,-0.74791,1.2406,-1.165,0,0,-1.3024,0,-0.38884,0,-1.61,-0.229,-0.13327,1.4764,2.1226,0.73508,1.5001,0.73387,0,-0.36987,0,0,0,1.1275,0,1.1706,0,-0.63872,0,0,0,0.22268,0,-1.7256,-1.7256,0.038042,0.96711
0.47038,0.38311,0.69146,0,0.91191,1.8725,-0.99731,0,0.48416,0.99731,0.99731,-0.40772,-0.098892,-0.184,-0.25684,0.49414,-0.89144,-0.063242,-0.67667,0.61781,-0.88872,-1.3194,-0.38007,1.143,-0.86841,-1.2786,-1.9921,-1.2374,-1.9763,0,-1.7502,2.5834,2.0856,-1.1053,0.29004,-1.8304,0,0,-0.97991,0,-0.38884,0,-1.8405,-1.5,1.1519,-1.7411,1.0516,-1.0857,0.65313,-0.72963,0,2.0161,0,0,0,0.72394,0,0.44195,0,2.4265,0,0,0,-1.2328,0,-0.6503,-0.6503,-2.1858,0.94737
0.19513,1.0495,0.30412,0,0.52707,1.2437,-0.99731,0,-0.68137,0.99731,0.99731,-0.59364,-0.074396,0.52274,0.26922,1.0381,-0.28209,0.38704,-1.4035,-0.90894,-0.68842,-0.55798,-0.31212,0.22717,-0.64314,-0.44652,-1.9258,-1.59,-1.7286,0,-1.5892,1.3237,0.69896,0.84524,0.27148,-0.30987,0,0,-0.94389,0,-0.38884,0,-0.56648,0.15851,0.44517,-0.62889,0.97509,-0.3307,0.1095,-0.28445,0,1.2208,0,0,0,0.36523,0,-0.25971,0,1.6427,0,0,0,-0.83478,0,0.61428,0.61428,-0.56846,0.9693
0.16096,-0.63276,-0.69819,0,1.1102,2.5548,-0.99731,0,-0.65027,0.99731,0.99731,0.082131,0.41463,-0.28694,-0.34212,0.58985,-0.7303,0.37436,-1.7302,-0.057459,0.92305,0.13004,1.6614,-1.0692,1.0582,-1.9109,-1.3333,-0.5787,-1.4381,0,-1.4996,1.8185,1.6927,-0.63192,1.1016,0.17903,0,0,-0.82908,0,-0.38582,0,-0.095847,0.59008,0.40427,-1.3921,0.75678,-1.3472,-0.25617,-0.18274,0,0.82312,0,0,0,1.6207,0,0.1181,0,1.0968,0,0,0,1.5695,0,1.411,1.411,-0.77062,0.96053
-0.50651,-1.6517,-1.6387,0,0.0052752,-0.74289,-0.99731,0,-0.31844,0.99731,0.99731,-0.47935,-0.96858,1.7066,-0.96558,-0.25072,-1.2219,0.95993,-1.9393,1.0165,0.57261,1.0762,1.5267,-0.27244,-0.27835,0.82836,-1.1878,-1.9874,-0.60077,0,-0.82979,0.40213,0.36654,-0.28582,0.43226,-1.8217,0,0,-1.183,0,-0.28897,0,-2.0018,-1.2367,2.8272,1.3394,1.6016,0.87001,-0.61705,1.414,0,-0.23732,0,0,0,-0.038331,0,-0.070804,0,-0.24682,0,0,0,0.21227,0,-1.0331,-1.0331,-0.36629,0.98026
-0.48432,-0.98277,-1.7291,0,0.52201,-0.14011,-0.99731,0,0.66465,0.99731,0.99731,0.73782,1.264,0.14871,-1.0243,-0.86174,-0.19303,0.068993,-0.92026,-0.77367,-1.5708,-1.6587,-0.44084,-0.52013,-0.96017,-0.48954,-0.27422,-1.6688,0.42063,0,-0.23676,1.9002,2.0586,-0.43731,1.5918,-2.7285,0,0,-1.3449,0,-0.38884,0,-2.9654,-1.8811,2.2324,0.54867,2.4049,-0.43801,0.78575,-0.18823,0,-0.63498,0,0,0,-0.17285,0,-0.58355,0,-0.63872,0,0,0,-1.4122,0,-0.40801,-0.40801,-2.5901,0.96272
1.079,-0.17349,-0.25469,0,0.5396,0.26126,-0.99731,0,-1.6487,0.99731,0.99731,0.11315,-0.12017,-0.89423,-0.23014,-0.021008,-0.17236,-0.87153,0.61822,-0.88768,1.5909,-0.55144,0.63806,0.56681,2.0662,-1.0348,-0.55529,-0.6344,-0.41709,0,0.0023991,0.20538,0.50053,-0.070088,0.9252,1.1293,0,0,-0.32403,0,-0.38884,0,0.92443,1.2894,-2.2893,-2.2073,0.061351,-2.014,1.0081,-2.2017,0,-0.50243,0,0,0,-0.62124,0,0.25304,0,2.3425,0,0,0,-0.61578,0,0.49612,0.49612,-0.56846,0.94079
-0.39694,-0.22832,0.3443,0,0.84663,-0.42402,-0.99731,0,-0.77458,0.99731,0.99731,-0.9811,-1.5919,4.7262,-0.11889,-0.4932,-0.58862,0.24298,0.99761,0.62707,-0.058691,1.8816,-1.4442,0.10842,-0.48979,-0.45994,0.77066,0.60971,0.70401,0,1.088,-0.85412,-0.57766,0.50507,0.61835,-0.059467,0,0,-0.2783,0,-0.38884,0,-0.055221,-0.045964,-0.78462,0.83384,0.011345,0.42157,0.65734,1.0576,0,-0.23732,0,0,0,-0.66608,0,-0.2867,0,-0.52674,0,0,0,0.82542,0,-0.48959,-0.48959,0.44237,0.93202
0.66636,1.0636,0.84952,0,0.99637,0.6862,-0.99731,0,-1.6032,0.99731,0.99731,0.81214,0.2705,1.0814,-0.64256,0.10956,0.53406,-1.1497,-1.2973,0.16498,2.4237,0.67105,-0.042809,2.3426,2.1532,-1.0257,0.2921,-0.7058,0.69992,0,1.2201,0.0191,0.47724,-1.2271,0.33188,0.64996,0,0,-0.38556,0,-0.38884,0,0.50231,0.80011,-2.0818,-1.1397,0.13115,-1.7264,1.1984,-1.5384,0,-0.76754,0,0,0,0.096188,0,0.41496,0,0.57897,0,0,0,-0.41487,0,0.7338,0.7338,-0.97279,0.94518
-2.286,-1.1724,-0.49614,0,0.73535,0.58605,-0.99731,0,-0.84374,0.99731,0.99731,0.42726,0.3963,-0.16663,-0.9041,0.42619,-0.55447,-0.84186,-1.8499,1.1429,0.43219,-0.28555,0.20785,-0.32627,0.86438,-1.9707,-0.98945,-0.60612,-0.98555,0,-0.63493,-0.015532,-0.027862,-0.0035134,-0.29237,1.2804,0,0,-0.54792,0,-0.38884,0,0.95989,1.5941,-1.6508,-2.1728,0.33149,-2.2671,0.49041,-2.1084,0,-1.0326,0,0,0,-0.48673,0,0.44195,0,1.1108,0,0,0,-0.23073,0,0.61592,0.61592,-0.56846,0.94298
0.97251,0.22237,-0.22049,0,0.89243,0.33272,-0.99731,0,0.97688,0.99731,0.99731,0.84903,2.2321,-0.049609,-1.5986,-0.87856,-0.045423,-1.8008,-0.60493,0.39099,0.30432,0.39743,-1.2271,2.1581,-0.13199,-1.4934,-0.39751,-1.0155,-0.039078,0,0.14997,-0.64554,-0.32817,1.0753,0.36671,0.15369,0,0,1.8624,0,-0.38884,0,0.59368,-0.57662,-1.1731,0.29681,-1.4771,-0.37529,0.42021,-0.19697,0,-1.5629,0,0,0,-1.249,0,-0.55657,0,0.24305,0,0,0,-1.0061,0,-0.54128,-0.54128,-0.16412,0.94956
-0.40341,-0.10043,0.88865,0,0.53571,0.78185,-0.99731,0,-0.95055,0.99731,0.99731,-0.45139,-0.49038,0.24892,0.24006,1.294,-0.56006,-0.034013,-1.25,-0.34596,-0.3442,0.23376,-1.3223,0.58807,-0.32213,0.42079,-0.67496,0.13576,-0.92618,0,-0.58696,-0.051915,0.0036842,0.032984,-1.1093,-0.53557,0,0,0.18667,0,-0.33574,0,-0.32312,-0.79809,0.97365,-0.18051,-0.42748,0.45661,-0.52667,1.0982,0,0.16035,0,0,0,0.051348,0,0.14509,0,-0.63872,0,0,0,-0.071006,0,-0.66897,-0.66897,0.038042,0.97588
-0.31219,0.87134,1.1862,0,0.0091719,0.11863,-0.99731,0,-0.10022,0.99731,0.99731,-0.72181,-1.0327,-0.37295,0.49493,0.80059,-0.18196,0.57086,-0.6636,-0.18066,-1.1355,-0.3754,1.5625,-0.1598,-1.9474,-1.6092,-1.3241,-2.0303,-0.75531,0,-0.65989,-0.059864,-0.019797,1.1198,-0.90674,-0.67096,0,0,0.20703,0,-0.31343,0,-0.43168,-0.95509,1.145,0.11986,-0.44439,0.6306,-0.57509,-0.32242,0,-0.50243,0,0,0,-0.17285,0,-0.58355,0,0.64895,0,0,0,-0.65659,0,1.0903,1.0903,-0.16412,0.97368
-0.3238,0.074368,0.27493,0,0.14878,0.020767,-0.99731,0,-0.50715,0.99731,0.99731,-0.26037,0.22246,-0.46028,-0.27784,0.026767,-0.3812,-0.34761,0.020245,-0.58426,0.32297,0.50758,-0.12339,0.60109,0.016758,-0.7779,-0.11921,0.50887,-0.38772,0,0.20089,-0.19239,-0.013935,0.54753,0.56918,-0.62012,0,0,0.93933,0,0.99261,0,-0.22996,-1.1661,1.6896,0.025976,-0.96847,0.81115,-1.1915,0.39677,0,-0.90009,0,0,0,-0.89028,0,-1.2043,0,0.075099,0,0,0,-0.4841,0,1.1177,1.1177,-0.36629,0.96711
-0.53313,-0.50352,-0.84112,0,-0.70558,-0.29591,-0.99731,0,-0.75948,0.99731,0.99731,-0.8478,-0.64357,-0.91081,-0.27066,0.59091,-0.98123,-0.52174,-0.22864,-0.6628,0.085848,0.3754,0.87887,-0.11175,-0.42543,1.4428,1.5815,1.4312,1.3615,0,1.6677,-0.38358,-0.59984,-0.39837,-0.60657,-0.29039,0,0,-0.82492,0,-0.38884,0,-0.48038,0.067255,0.33437,0.80198,0.74948,1.1645,0.12547,1.3119,0,0.2929,0,0,0,0.4549,0,-0.12478,0,-1.5485,0,0,0,-0.14305,0,0.33407,0.33407,0.64454,0.98465
-0.5316,-1.5261,-1.9094,0,-0.8947,-0.96178,-0.99731,0,-1.2752,0.99731,0.99731,-0.85787,-0.43778,-1.0282,-0.45587,0.4787,-0.99383,-0.81309,-0.19261,-0.34118,0.28089,-0.48822,1.3263,1.0843,-0.34804,-0.094148,0.8693,0.89948,0.69625,0,1.1655,-0.36456,-0.61303,0.52873,-1.3978,-0.22627,0,0,-0.86198,0,-0.38884,0,-0.44866,0.17089,0.48109,0.83685,0.81585,1.1225,-0.020238,1.3218,0,0.55801,0,0,0,0.58942,0,-0.36766,0,-1.0866,0,0,0,-0.13671,0,0.30219,0.30219,0.64454,0.98684
-0.70603,-0.82327,-1.4233,0,-0.94692,-0.71211,-0.99731,0,-0.84772,0.99731,0.99731,-0.84337,0.030428,-0.79908,-1.0146,-0.26436,-1.6063,-0.13063,-0.36197,0.14735,0.6164,0.12636,0.69,0.44266,0.3526,-0.48885,0.072188,1.0479,-0.39205,0,-0.29103,-0.14301,-0.59092,0.28176,-0.52709,-0.3953,0,0,-0.89249,0,-0.38884,0,-0.60497,0.012913,0.36236,0.20511,0.87301,0.7942,0.2096,1.4879,0,0.95568,0,0,0,0.99298,0,0.63085,0,-0.90465,0,0,0,0.16134,0,0.27249,0.27249,0.64454,0.98465
-0.82459,-0.91553,-0.73744,0,-1.5091,-0.42992,-0.99731,0,-0.49944,0.99731,0.99731,-0.43263,0.21661,-0.23701,-0.56556,-0.11996,-1.0426,-0.1211,-0.09411,1.0608,0.47471,1.2515,-0.35686,0.035195,0.1657,-0.17181,1.4402,1.508,1.1453,0,0.37751,-0.40921,-0.59695,-0.80082,-1.4502,0.1598,0,0,-0.71128,0,-0.38884,0,-0.048849,0.47316,-0.14504,1.1812,0.56343,0.53844,0.1446,1.3233,0,1.2208,0,0,0,1.262,0,0.25304,0,-1.4925,0,0,0,1.7375,0,-0.25947,-0.25947,1.0489,0.98684
0.70224,-0.15179,-0.32796,0,-0.99055,-0.59971,-0.99731,0,-0.098326,0.99731,0.99731,-1.0162,-0.63955,-0.85093,-0.51057,-0.39603,-1.3817,0.11632,0.81154,-0.72812,1.1211,-0.37849,1.5537,0.61304,0.88192,0.20009,0.42096,1.1325,0.014997,0,-0.17587,-0.45895,-0.61168,-0.59667,-0.8673,0.61738,0,0,-0.19149,0,-0.38456,0,0.53452,0.64455,-0.21938,-0.48399,-0.079606,-0.11053,-0.27981,0.66483,0,0.42546,0,0,0,0.54458,0,0.90072,0,-0.6807,0,0,0,-0.038458,0,0.66963,0.66963,0.84671,0.98465
1.6244,0.64121,-0.73633,0,1.4111,0.75093,-0.99731,0,1.5616,0.99731,0.99731,0.71647,0.68188,0.086188,-0.88064,-1.1338,-0.24404,0.67509,-0.63029,-0.26216,-1.0209,-1.5383,-1.022,-1.2671,0.28874,0.25134,-0.8301,-1.7152,-0.26903,0,-0.8429,-0.0060385,-0.45229,-0.21722,0.36956,0.62923,0,0,0.27654,0,-0.38829,0,0.68022,0.43972,-0.51387,0.98165,-0.50096,-0.37525,-0.16635,-1.105,0,0.69057,0,0,0,0.27555,0,0.76579,0,-0.34479,0,0,0,0.050886,0,-0.31899,-0.31899,0.44237,0.91447
1.0101,0.21424,0.2957,0,1.0161,0.77504,-0.99731,0,0.095078,0.99731,0.99731,-0.1042,-0.69949,-0.91619,0.83049,0.42834,-0.10656,0.72628,0.77834,-0.79364,0.75045,0.37445,0.34194,-0.82309,1.0958,-0.75993,0.47398,-0.11545,0.6597,0,1.0386,-0.44654,-0.77705,-0.57127,-0.66287,0.45688,0,0,0.025914,0,-0.38884,0,0.47239,0.36835,-1.4983,-0.17458,-0.288,-0.6922,0.77321,-0.95113,0,0.82312,0,0,0,0.99298,0,1.4944,0,0.467,0,0,0,-0.82545,0,0.93607,0.93607,0.64454,0.96711
-1.4527,-1.0984,-1.1553,0,1.0814,0.55446,-0.99731,0,0.1671,0.99731,0.99731,0.35301,-0.032914,-0.35453,-1.0835,-1.5247,-0.52883,-0.038693,0.70701,-0.39272,-0.9238,-0.73407,1.9142,-1.472,-1.0959,-0.21613,-1.6104,-1.7208,-1.2646,0,-1.5964,-0.19553,-0.48289,-0.62427,0.38554,0.96822,0,0,-1.022,0,-0.38884,0,0.43666,1.6744,-1.0455,-0.66125,1.1471,0.23764,0.45037,0.15294,0,0.16035,0,0,0,0.63426,0,0.17208,0,-0.24682,0,0,0,0.2734,0,0.99011,0.99011,0.84671,0.97149
0.85648,1.2062,1.5353,0,1.4796,1.7311,-0.99731,0,-1.1731,0.99731,0.99731,-0.34885,-0.29304,0.35772,-0.017413,-0.022795,-0.60172,0.15231,0.49422,-0.11999,-1.1543,-2.1088,-0.85556,0.48712,-0.38517,-0.66756,-1.1563,-1.4704,-0.79951,0,-0.63292,-0.43565,-0.84766,-0.4749,0.88968,1.0492,0,0,1.7096,0,2.865,0,1.3197,0.41382,0.49868,0.011664,-1.4011,-0.82847,-1.4765,-1.2786,0,0.027794,0,0,0,-0.038331,0,-0.20574,0,-0.45676,0,0,0,0.59072,0,0.40269,0.40269,0.64454,0.96272
-0.19474,0.52256,0.88405,0,1.4998,1.1336,-0.99731,0,-0.33638,0.99731,0.99731,1.2288,2.1613,0.28581,-1.32,-0.73634,-0.3575,-0.54681,-1.1655,0.14197,-0.55191,-0.58153,-0.46697,0.07036,-0.298,-0.82041,0.90512,-0.88188,1.5655,0,1.7237,-0.66687,-1.3379,0.72079,-0.55811,0.54632,0,0,1.0652,0,-0.38463,0,0.7847,0.0657,-0.47891,0.52055,-1.0457,-0.99015,-0.27866,-1.8057,0,0.69057,0,0,0,0.14103,0,1.3325,0,0.88689,0,0,0,1.4707,0,-0.038606,-0.038606,0.44237,0.95175
2.5222,4.7215,0.49214,0,1.5025,0.8771,-0.99731,0,0.57798,0.99731,0.99731,0.9976,3.4162,2.1778,0.35726,-0.55428,-0.035704,0.1877,1.74,3.2788,0.068876,0.34627,-0.41279,-0.54354,0.28911,1.0196,1.1006,0.148,1.3395,0,1.4009,-0.35855,0.021852,-0.45376,0.94386,0.87006,0,0,0.9071,0,-0.38884,0,1.0301,0.47117,-1.4394,-0.18283,-0.94818,-0.7644,0.27073,-1.0747,0,0.55801,0,0,0,-0.17285,0,0.28002,0,-0.51275,0,0,0,0.90686,0,0.53217,0.53217,0.44237,0.97588
1.0445,1.3783,0.7105,0,-0.98194,-1.282,-0.99731,0,0.31876,0.99731,0.99731,-0.61025,-0.51478,1.1409,0.062526,0.30534,-0.23778,-0.018149,-0.10047,-1.0287,1.2447,0.76151,-0.99574,2.1048,0.87112,1.04,1.4292,0.89744,1.4134,0,1.4787,-1.0615,-0.37153,2.1489,-1.0387,1.3933,0,0,0.31614,0,3.1212,0,1.3262,1.2463,0.52795,0.15589,-0.53242,-0.40486,-1.5047,-0.025453,0,-0.76754,0,0,0,-0.26253,0,-0.39465,0,-0.79268,0,0,0,1.7562,0,1.1683,1.1683,1.0489,0.95395
1.2453,1.9085,1.939,0,-0.83186,-2.0002,-0.99731,0,0.42854,0.99731,0.99731,-0.13388,0.11045,2.6809,0.033068,-0.11453,0.6233,0.34424,-0.82007,1.3294,1.0829,1.261,2.3486,0.7845,-0.4297,0.77493,0.8338,0.29585,0.92986,0,0.85802,-0.90392,-0.40314,-0.29789,-0.59074,1.4154,0,0,0.044994,0,-0.32649,0,1.2754,1.398,-0.63648,-1.2722,-0.30514,-0.90921,-0.54831,-0.80036,0,0.82312,0,0,0,0.23071,0,0.037143,0,0.047106,0,0,0,1.6847,0,0.060553,0.060553,0.44237,0.94298
-0.028463,0.97204,1.1965,0,-0.66797,-1.4418,-0.99731,0,0.82615,0.99731,0.99731,-0.080396,0.25404,0.94703,-0.29072,-0.55715,-0.51856,0.37877,0.42765,0.57041,2.056,1.6688,0.793,0.99043,1.2998,0.51654,-1.1158,0.12046,-1.4831,0,-1.4177,-1.2627,-0.42591,0.8336,0.080739,0.0084233,0,0,-0.24807,0,-0.27366,0,0.0047369,0.0032751,0.7752,0.32798,-0.020889,0.67909,-0.63951,0.9713,0,0.69057,0,0,0,0.9033,0,0.65784,0,1.3768,0,0,0,2.2467,0,-0.82545,-0.82545,1.251,0.95614
0.62281,0.85812,0.1339,0,-0.66386,-1.2062,-0.99731,0,0.010466,0.99731,0.99731,-0.38526,-0.66423,1.0743,0.85557,0.94868,0.39816,1.2123,-1.3972,1.2599,-1.1906,1.189,-0.70115,-0.40972,-1.8252,-0.4855,0.56504,0.76168,0.37072,0,0.61901,-1.102,-0.3727,-0.88036,-0.087464,1.342,0,0,0.3361,0,-0.26173,0,1.2928,1.1882,-0.51672,-1.0028,-0.54808,-0.85859,-0.6555,-0.64968,0,0.82312,0,0,0,1.3517,0,0.44195,0,-0.41477,0,0,0,1.4052,0,-0.37589,-0.37589,0.44237,0.95395
0.69727,0.95475,0.64835,0,-0.76034,-1.5719,-0.99731,0,0.18392,0.99731,0.99731,-0.97651,0.17729,1.3213,1.7951,0.87056,-0.16934,1.652,1.4262,2.1322,-0.24084,0.34397,0.82541,-0.74002,-0.53183,-0.57159,-0.8035,-0.73182,-0.68958,0,-0.73125,-1.0365,-0.43084,1.37,-0.31198,0.84368,0,0,-0.46267,0,-0.28789,0,0.62463,1.0482,0.11538,-0.2468,0.22314,0.064121,-0.61871,0.42985,0,-0.23732,0,0,0,0.32039,0,0.010156,0,-0.10685,0,0,0,1.684,0,-0.056857,-0.056857,0.84671,0.96491
-0.77301,-0.97107,-1.275,0,-0.36277,-0.41701,-0.99731,0,0.020023,0.99731,0.99731,-0.1793,4.5566,-0.47361,0.80729,0.11394,0.16963,0.21613,1.6546,-1.6635,-0.33842,0.13992,1.8198,-0.93374,-0.8708,-1.3779,0.026699,-1.2282,0.6019,0,0.80114,0.59356,0.40506,-0.36577,-1.0688,0.97083,0,0,1.5532,0,0.51127,0,1.229,0.37493,0.075654,-0.034143,-1.3203,-1.3905,-1.0703,-0.67241,0,0.95568,0,0,0,1.3517,0,0.90072,0,-0.84866,0,0,0,-1.6212,0,-0.44435,-0.44435,0.24021,0.98904
0.22289,0.19297,-1.2137,0,0.26019,-0.20089,-0.99731,0,1.831,0.99731,0.99731,0.27267,0.64367,0.70666,-0.60054,0.36421,-0.17516,-0.22224,-1.9318,-0.098387,-0.83449,-0.3249,-0.63227,-1.0965,-0.27655,-0.7079,-1.5427,-1.396,-1.3282,0,-1.7541,4.3758,3.9477,-0.88395,-1.0978,-2.1154,0,0,-1.404,0,-0.38884,0,-2.668,-0.8421,0.54164,0.10439,3.1123,-1.4599,1.9317,-1.4122,0,-0.50243,0,0,0,-0.39705,0,-0.043817,0,0.81691,0,0,0,-2.6395,0,1.3335,1.3335,-3.1966,0.97588
2.5837,0.30725,-0.77295,0,0.011158,0.75675,-0.99731,0,1.4211,0.99731,0.99731,-0.027781,0.4295,-0.34041,-0.85303,-0.36269,-0.29074,-0.8211,-0.41905,0.59617,-0.27881,0.014961,-1.039,1.2651,-0.47948,-0.95631,-1.2455,0.08761,-1.6338,0,-1.4457,1.6861,1.5384,1.2947,2.005,0.29402,0,0,2.6434,0,-0.28418,0,0.81985,-0.61505,-0.076411,-1.103,-1.8292,-1.8444,-0.62434,-1.822,0,0.16035,0,0,0,-0.5764,0,-0.31369,0,-0.51275,0,0,0,-3.1239,0,1.389,1.389,-1.5793,0.97588
